date,stock_id,name,decision,confidence,C_days,B_days,A_days,flow_status,cost_level,signal_type,adx,atr,vwap,kd_k,kd_d,bb_upper,bb_middle,bb_lower,B_quality,B_window_20,B_validity,B_phase,foreign_position,foreign_level,volume_ratio,foreign_cost,foreign_profit_pct,foreign_consecutive_buy,margin_change_5d,return_10d,bias_ma20,margin_consecutive_increase,margin_change_pct
2026-10-07,2330,台積電,IGNORE,0,,,,,SAFE,,43.42,39.3906,2375.8356,95.52,90.01,2594.4793,2472.5,2350.5207,0,0,UNCERTAIN,PREPARE,17946827,HEAVY,0.7665474574795694,2535.76,1.94,,,4.233870967741926,0.0455005055611728,,
2026-10-07,2454,聯發科,IGNORE,0,,,,,SAFE,,38.66,212.3061,4133.6098,28.18,48.48,5345.1635,4835.5,4325.8365,0,0,UNCERTAIN,PREPARE,901986,HEAVY,0.9877370362223165,4611.33,4.85,,,-3.4930139720558917,-0.00010340192327573661,,
2026-10-07,2317,鴻海,IGNORE,0,,,,,SAFE,,16.0,5.7137,249.3494,54.22,56.45,256.271,251.25,246.229,0,0,UNCERTAIN,PREPARE,5662448,HEAVY,1.049708326631352,255.13,-1.23,,,0.8000000000000007,0.0029850746268655914,,
2026-10-07,2382,廣達,IGNORE,0,,,,,SAFE,,17.22,7.6204,326.0825,22.96,23.74,346.5316,336.875,327.2184,0,0,UNCERTAIN,PREPARE,949265,HEAVY,0.6973121377381992,337.76,-0.82,,,-2.7576197387518153,-0.005565862708719838,,
2026-10-07,3231,緯創,IGNORE,0,,,,,SAFE,,30.24,6.1627,180.3572,69.8,70.18,191.3347,185.4,179.4653,0,0,UNCERTAIN,PREPARE,1223481,HEAVY,0.6032179275386845,183.07,1.06,,,-0.8042895442359255,-0.0021574973031284195,,
2026-10-07,6669,緯穎,IGNORE,0,4,,,NEUTRAL,SAFE,,45.79,202.4401,3742.1966,64.6,42.26,2387.5541,2194.75,2001.9459,0,0,UNCERTAIN,PREPARE,145847,HEAVY,0.9867524625511142,,,,25.0,4.1860465116279055,0.020617382389793937,,
2026-10-07,2356,英業達,IGNORE,0,1,0,0,,NEUTRAL,,25.53,1.6194,63.5477,5.21,8.62,64.3473,60.815,57.2827,0,0,FAKE_B,PREPARE,638732,HEAVY,0.7706919228602881,64.95,-10.55,,,-5.98705501618122,-0.04464359121927175,,
2026-10-07,4938,和碩,IGNORE,0,,,,,SAFE,,20.61,2.0235,89.0224,38.21,39.21,92.0932,90.255,88.4168,0,0,UNCERTAIN,PREPARE,828106,HEAVY,0.4640702255675928,90.07,-0.07,,,-0.8810572687224627,-0.0028253282366627053,,
2026-10-07,2301,光寶科,IGNORE,0,,,,,SAFE,,36.17,12.1666,264.7033,82.84,67.37,300.954,285.35,269.746,0,0,UNCERTAIN,PREPARE,1002585,HEAVY,1.04605854304178,273.99,9.49,,,3.9861351819757473,0.05134045908533369,,
2026-10-07,3017,奇鋐,IGNORE,0,,,,,SAFE,,22.37,190.0955,2887.4328,72.62,74.81,3691.6494,3407.0,3122.3506,0,0,UNCERTAIN,PREPARE,213177,HEAVY,1.1740109664475613,3154.08,12.39,,,3.8067349926793614,0.04050484297035517,,
2026-10-07,2345,智邦,IGNORE,0,4,0,,,SAFE,,15.58,101.5265,2004.1618,81.32,71.14,2078.1516,1908.0,1737.8484,0,0,UNCERTAIN,PREPARE,319137,HEAVY,1.170340971046019,1876.8,7.36,,,9.510869565217384,0.056079664570230614,,
2026-10-07,2395,研華,IGNORE,0,,,,,SAFE,,38.98,25.4572,640.5327,87.37,87.47,756.3247,700.35,644.3753,0,0,UNCERTAIN,PREPARE,314160,HEAVY,0.6389327180420618,696.32,5.27,,,3.82436260623229,0.04661954736917262,,
2026-10-07,3533,嘉澤,IGNORE,0,7,0,,,HIGH_RISK,,16.2,76.0836,1683.2869,87.6,88.48,1928.9735,1681.5,1434.0265,1,2,UNCERTAIN,PREPARE,48833,MEDIUM,0.7589574382534127,,,,,14.779874213836486,0.08534046981861443,,
2026-10-07,6414,樺漢,IGNORE,0,9,2,,,SAFE,,19.87,12.863,430.6437,80.68,82.79,409.4362,382.15,354.8638,7,3,UNCERTAIN,PREPARE,64677,HEAVY,0.5199582843049633,408.08,-3.21,,,5.333333333333323,0.03362553970953819,,
2026-10-07,2327,國巨,IGNORE,0,,,,,HIGH_RISK,,15.31,35.1773,606.523,94.09,85.49,642.056,572.4,502.744,0,0,UNCERTAIN,PREPARE,918289,HEAVY,2.184134783497741,608.84,6.27,,,16.157989228007175,0.13032844164919632,,
2026-10-07,2379,瑞昱,IGNORE,0,,,,,SAFE,,34.35,26.0137,728.29,46.8,69.81,783.2901,733.35,683.4099,0,0,UNCERTAIN,PREPARE,238021,HEAVY,0.517593577401737,734.04,0.95,,,0.13513513513514486,0.01043158110042941,,
2026-10-07,3034,聯詠,IGNORE,0,,,,,SAFE,,31.88,15.6962,520.2791,10.94,20.77,559.0532,544.45,529.8468,0,0,UNCERTAIN,PREPARE,276255,HEAVY,0.6794060266693067,522.87,1.17,,,-3.4671532846715314,-0.028377261456515868,,
2026-10-07,3443,創意,IGNORE,0,,,,,HIGH_RISK,,53.92,443.3423,5360.0202,77.88,79.23,9399.0282,7329.25,5259.4718,0,0,UNCERTAIN,PREPARE,36639,MEDIUM,0.9948134748393672,6808.1,24.26,,,11.096520026263956,0.15427908721901962,,
2026-10-07,5269,祥碩,IGNORE,0,,,,,SAFE,,23.48,40.3854,1413.3122,32.61,45.55,1547.5937,1441.75,1335.9063,0,0,UNCERTAIN,PREPARE,7658,LIGHT,0.3798193002227266,1460.25,-0.36,,,-1.3559322033898313,0.00919022021848459,,
2026-10-07,6415,矽力-KY,IGNORE,0,8,4,0,,HIGH_RISK,,14.79,19.6606,441.642,81.03,63.1,452.385,421.65,390.915,15,7,UNCERTAIN,PREPARE,315893,HEAVY,0.9485007981472581,430.4,6.07,,,6.783625730994158,0.08265148820111468,,
2026-10-07,3035,智原,IGNORE,0,,,,,NEUTRAL,,33.06,8.2588,184.1156,70.77,85.19,228.866,193.725,158.584,0,0,UNCERTAIN,PREPARE,47980,MEDIUM,0.6483866079014328,194.58,7.41,,,9.424083769633507,0.07884888372693255,,
2026-10-07,8299,群聯,IGNORE,0,,,,NEUTRAL,SAFE,,35.17,88.1678,2013.2439,36.89,50.01,2222.1054,2065.5,1908.8946,0,0,UNCERTAIN,PREPARE,98055,HEAVY,0.45650527017403825,,,,60.0,3.7783375314861534,-0.002662793512466677,,
2026-10-07,6531,愛普,IGNORE,0,,,,,SAFE,,20.65,60.9965,889.8651,71.14,66.59,1058.6481,969.4,880.1519,0,0,UNCERTAIN,PREPARE,54916,HEAVY,0.9592495525676652,910.59,9.82,,,5.485232067510548,0.031565917062100324,,
2026-10-07,2408,南亞科,IGNORE,0,,,,,SAFE,,13.5,22.5568,477.2181,72.16,78.73,546.1143,508.8,471.4857,0,0,UNCERTAIN,PREPARE,526142,HEAVY,0.8773267566705557,513.89,0.02,,,-0.3875968992248069,0.010220125786163603,,
2026-10-07,2449,京元電,IGNORE,0,,,,,SAFE,,29.72,13.3108,272.1147,29.42,39.84,323.274,285.75,248.226,0,0,FAKE_B,PREPARE,368158,HEAVY,0.9406991577945464,298.33,0.39,,,-0.6633499170812573,0.04811898512685908,,
2026-10-07,3264,欣銓,IGNORE,0,,,,NEUTRAL,SAFE,,47.47,11.2385,227.2112,67.77,66.9,256.4583,236.3,216.1417,0,0,UNCERTAIN,PREPARE,186648,HEAVY,1.3059568429791266,246.36,1.48,,1308.0,12.107623318385642,0.05797714769360973,,
2026-10-07,2363,矽統,IGNORE,0,,,,,NEUTRAL,,40.49,2.5811,55.9039,52.0,65.92,64.5452,56.295,48.0448,0,0,UNCERTAIN,PREPARE,32462,MEDIUM,0.7584354557057381,58.43,3.89,,,2.8813559322034,0.07824851230127017,,
2026-10-07,2451,創見,IGNORE,0,7,9,0,,SAFE,,12.37,8.2129,280.8563,66.12,75.81,293.9598,283.6,273.2402,27,9,UNCERTAIN,PREPARE,51242,HEAVY,1.261371837724562,296.06,-3.06,,,0.34965034965035446,0.011988716502115526,,
2026-10-07,3014,聯陽,IGNORE,0,,,,,HIGH_RISK,,42.35,3.5956,135.8416,91.89,89.8,150.3223,137.875,125.4277,0,0,UNCERTAIN,PREPARE,33652,MEDIUM,2.3306150798334424,,,,,6.810035842293916,0.08068902991840443,,
2026-10-07,3041,揚智,IGNORE,0,4,6,10,,SAFE,,23.77,0.7464,23.5474,68.14,77.92,25.0579,23.35,21.6421,21,9,UNCERTAIN,LATE,7703,LIGHT,0.9157916069138969,,,,,1.0526315789473717,0.027837259100642386,,
2026-10-07,3545,敦泰,IGNORE,0,,,,,SAFE,,17.09,1.4317,48.9064,21.22,44.32,52.8789,50.615,48.3511,0,0,UNCERTAIN,PREPARE,34219,MEDIUM,1.234203929602105,50.57,-2.12,,,-4.255319148936176,-0.02202904277388118,,
2026-10-07,4919,新唐,IGNORE,0,6,0,,,HIGH_RISK,,29.23,9.1181,138.2009,82.94,86.32,165.5452,131.55,97.5548,0,0,UNCERTAIN,PREPARE,3125,LIGHT,1.7082413003391264,151.71,5.13,,,27.091633466135455,0.21246674268339016,,
2026-10-07,4952,凌通,IGNORE,0,7,9,4,,SAFE,,11.52,1.3385,50.9578,59.54,76.63,50.9367,48.6,46.2633,27,9,UNCERTAIN,PREPARE,7719,LIGHT,0.9673401586639733,,,,,1.5432098765432167,0.015432098765432167,,
2026-10-07,4966,譜瑞-KY,WAIT,0,6,7,0,NEUTRAL,SAFE,,28.43,15.0957,582.0882,65.93,76.27,593.6164,560.4,527.1836,21,7,UNCERTAIN,PREPARE,31179,MEDIUM,0.6543351245586322,568.0,0.0,,20.0,4.990757855822547,0.013561741613133504,,
2026-10-07,4968,立積,IGNORE,0,4,2,6,,SAFE,,27.64,2.5346,96.1224,71.66,82.05,101.6866,93.1,84.5134,11,7,UNCERTAIN,LATE,3955,LIGHT,0.5821784514799127,93.34,4.13,,,5.081081081081074,0.04403866809881851,,
2026-10-07,5222,全訊,IGNORE,0,4,12,0,,SAFE,,13.24,2.5203,112.7376,32.23,51.34,108.1762,104.45,100.7238,36,12,UNCERTAIN,PREPARE,3144,LIGHT,1.7758352473929808,106.35,-3.15,,,-3.2863849765258246,-0.013882240306366755,,
2026-10-07,5263,智崴,WAIT,0,8,5,0,NEUTRAL,SAFE,,15.79,2.4805,98.7727,80.41,68.85,101.2166,92.105,82.9934,17,7,UNCERTAIN,PREPARE,10303,MEDIUM,0.8519156582426793,90.52,0.98,,36.0,3.628117913832196,-0.007654307583735753,,
2026-10-07,5274,信驊,IGNORE,0,,,,,NEUTRAL,,29.3,1076.5264,16589.8038,23.43,41.9,20776.3228,18909.25,17042.1772,0,0,UNCERTAIN,PREPARE,22190,MEDIUM,1.724639352344506,,,,,-2.8727770177838563,-0.0613059745891561,,
2026-10-07,6104,創惟,IGNORE,0,1,0,0,NEUTRAL,NEUTRAL,,53.77,2.2055,98.5078,27.7,43.52,98.1353,92.005,85.8747,0,0,UNCERTAIN,PREPARE,19777,MEDIUM,1.1888039534396546,,,,57.0,-3.7403740374037486,-0.04896473017770764,,
2026-10-07,6138,茂達,WAIT,45,12,27,0,NEUTRAL,SAFE,,13.9,10.0683,335.1357,55.61,75.62,287.4478,275.0,262.5522,62,15,UNCERTAIN,BUILD,10336,MEDIUM,2.024783059243614,,,,-44.0,-0.7339449541284404,-0.016363636363636358,,
2026-10-07,6285,啟碁,IGNORE,0,6,3,3,,HIGH_RISK,,14.78,9.4003,243.8092,96.03,89.5,254.9992,233.825,212.6508,12,6,UNCERTAIN,PREPARE,114377,HEAVY,2.516297749582443,241.38,6.68,,,10.042735042735051,0.10125093552870745,,
2026-10-07,6416,瑞祺電,IGNORE,0,,,,,SAFE,,27.68,5.1103,108.5357,62.67,58.27,125.4879,116.4,107.3121,0,0,UNCERTAIN,PREPARE,6965,LIGHT,0.6656621705304919,,,,,-2.4793388429752095,0.013745704467353903,,
2026-10-07,6451,訊芯-KY,IGNORE,0,,,,,SAFE,,9.48,23.1611,436.9669,57.48,50.11,443.3734,421.8,400.2266,0,0,UNCERTAIN,PREPARE,71181,HEAVY,0.9057174578493871,,,,,-1.7281105990783363,0.011142721669037403,,
2026-10-07,6533,晶心科,IGNORE,0,5,0,,,HIGH_RISK,,37.88,17.7245,277.6989,83.62,84.1,376.6322,281.2,185.7678,1,2,UNCERTAIN,PREPARE,8499,LIGHT,0.2505111962250342,318.26,9.03,,,31.688804554079695,0.23399715504978658,,
2026-10-07,6719,力智,IGNORE,0,8,8,3,,SAFE,,21.68,5.5439,215.5828,81.47,80.83,191.7332,184.675,177.6168,24,8,UNCERTAIN,PREPARE,6930,LIGHT,0.5572014010305308,,,,,3.5519125683060038,0.026126979829429908,,
2026-10-07,6213,聯茂,IGNORE,0,,,,NEUTRAL,HIGH_RISK,,38.27,41.3364,475.9511,98.8,95.01,782.2001,588.4,394.5999,0,0,UNCERTAIN,PREPARE,77466,HEAVY,0.8310151943672535,517.01,53.96,,-365.0,46.863468634686356,0.35282121006118294,,
2026-10-07,3037,欣興,IGNORE,0,,,,,HIGH_RISK,,29.73,64.3325,953.4255,93.37,94.08,1381.9441,1100.3,818.6559,0,0,UNCERTAIN,PREPARE,697383,HEAVY,0.5950925434171942,1097.39,18.92,,,27.941176470588225,0.18604017086249214,,
2026-10-07,8046,南電,IGNORE,0,,,,,HIGH_RISK,,28.42,83.4034,1190.1706,96.24,95.06,1559.5047,1217.0,874.4953,0,0,UNCERTAIN,PREPARE,85931,HEAVY,0.7893339765290465,1217.98,21.51,,,39.622641509433954,0.2161051766639277,,
2026-10-07,3189,景碩,IGNORE,0,,,,,HIGH_RISK,,30.54,58.9352,850.4419,96.4,95.21,1127.3456,908.25,689.1544,0,0,UNCERTAIN,PREPARE,121368,HEAVY,0.6902783770415847,947.15,16.14,,,33.01088270858526,0.21112028626479495,,
2026-10-07,2313,華通,IGNORE,0,,,,,NEUTRAL,,21.49,10.634,223.8162,81.69,72.87,247.1073,227.875,208.6427,0,0,UNCERTAIN,PREPARE,236745,HEAVY,2.4704491847445076,242.54,1.43,,,10.81081081081081,0.07953922106417988,,
2026-10-07,2368,金像電,IGNORE,0,,,,,HIGH_RISK,,34.29,73.1812,1028.4191,90.22,84.65,1254.012,1084.7,915.388,0,0,UNCERTAIN,PREPARE,114606,HEAVY,1.2097205636403043,,,,,19.138755980861255,0.14778279708675202,,
2026-10-07,2383,台光電,IGNORE,0,12,0,,,HIGH_RISK,,20.29,282.4255,5099.6026,90.55,77.98,5915.4957,5203.5,4491.5043,0,0,UNCERTAIN,PREPARE,156024,HEAVY,1.2949937304350077,5598.25,6.28,,,21.552604698672106,0.14346113193043153,,
2026-10-07,5469,瀚宇博,IGNORE,0,,,,,HIGH_RISK,,32.08,1.837,58.6324,94.33,84.18,79.5619,74.055,68.5481,0,0,UNCERTAIN,PREPARE,37676,MEDIUM,1.8743468268236272,78.35,2.75,,,9.523809523809534,0.087029910201877,,
2026-10-07,6239,力成,IGNORE,0,,,,,NEUTRAL,,21.61,12.6048,279.2911,87.44,83.58,311.404,286.5,261.596,0,0,UNCERTAIN,PREPARE,234507,HEAVY,0.9917335383969937,310.5,-0.97,,,5.128205128205132,0.0732984293193717,,
2026-10-07,8150,南茂,IGNORE,0,,,,,HIGH_RISK,,43.98,6.9607,102.3615,96.78,93.43,134.4082,103.36,72.3118,0,0,UNCERTAIN,PREPARE,325844,HEAVY,0.6448811462431668,108.56,18.37,,,24.757281553398048,0.24322755417956676,,
2026-10-07,2441,超豐,IGNORE,0,,,,,SAFE,,21.89,4.5089,120.8546,81.28,74.94,132.0837,121.125,110.1663,0,0,UNCERTAIN,PREPARE,63057,HEAVY,0.6776170930346365,123.05,3.21,,,-0.39215686274509665,0.0485036119711042,,
2026-10-07,3036,文曄,IGNORE,0,,,,,NEUTRAL,,23.03,5.5047,204.0267,99.17,97.56,221.372,202.85,184.328,0,0,UNCERTAIN,PREPARE,367817,HEAVY,0.9354140908910764,,,,,4.358353510895885,0.06236135075178706,,
2026-10-07,3702,大聯大,IGNORE,0,10,0,13,,NEUTRAL,,29.2,3.6866,111.8469,97.62,94.22,123.3964,112.65,101.9036,2,4,UNCERTAIN,LATE,584167,HEAVY,0.66769485716051,111.95,7.19,,,5.263157894736836,0.06524633821571224,,
2026-10-07,2351,順德,IGNORE,0,,,,,NEUTRAL,,22.36,11.9062,208.8932,33.64,23.1,256.0668,229.3,202.5332,0,0,UNCERTAIN,PREPARE,49564,MEDIUM,0.577786520135824,214.75,1.51,,,-7.822410147991543,-0.0492804186655037,,
2026-10-07,6269,台郡,IGNORE,0,,,,,SAFE,,10.74,2.5796,66.8612,59.66,61.37,67.7804,65.225,62.6696,0,0,UNCERTAIN,PREPARE,44926,MEDIUM,0.3475839359103814,66.87,-2.34,,,0.0,0.001149865848984355,,
2026-10-07,2376,技嘉,IGNORE,0,,,,,SAFE,,28.84,13.3726,347.8261,63.86,76.22,384.144,360.625,337.106,0,0,UNCERTAIN,PREPARE,165346,HEAVY,2.2642783172352723,366.18,-0.19,,,-0.6793478260869512,0.01351819757365691,,
2026-10-07,3013,晟銘電,IGNORE,0,9,0,,,HIGH_RISK,,30.9,3.6475,82.3156,94.84,87.39,96.1963,86.605,77.0137,1,2,UNCERTAIN,PREPARE,6379,LIGHT,2.3355839202164743,,,,,15.884476534296033,0.1119450378153688,,
2026-10-07,3324,雙鴻,IGNORE,0,,,,NEUTRAL,SAFE,,59.4,99.0617,1210.235,41.02,56.7,1719.1165,1455.5,1191.8835,0,0,UNCERTAIN,PREPARE,36230,MEDIUM,0.6758802306647151,1253.87,21.62,,594.0,12.132352941176471,0.04774991411885954,,
2026-10-07,3653,健策,IGNORE,0,,,,,HIGH_RISK,,35.86,365.7122,4912.4982,79.01,87.19,7526.9998,6176.25,4825.5002,0,0,UNCERTAIN,PREPARE,37590,MEDIUM,0.84387119961086,5583.73,21.87,,,17.53022452504318,0.10180125480671931,,
2026-10-07,3661,世芯-KY,IGNORE,0,10,0,,NEUTRAL,HIGH_RISK,,22.8,193.0509,3703.0823,97.45,91.11,4260.2345,3749.75,3239.2655,0,1,UNCERTAIN,PREPARE,43812,MEDIUM,1.3768345503211112,3749.16,11.76,,-2008.0,14.324693042291958,0.11740782718847931,,
2026-10-07,4915,致伸,IGNORE,0,,,,NEUTRAL,SAFE,,31.83,1.2768,63.548,14.57,27.99,66.6174,63.845,61.0726,0,0,UNCERTAIN,PREPARE,117285,HEAVY,0.6002861531799624,64.65,-2.71,,-2434.0,-3.230769230769237,-0.014801472315764896,,
2026-10-07,5439,高技,IGNORE,0,,,,NEUTRAL,SAFE,,32.87,12.1525,251.7855,88.69,82.11,274.2329,255.2,236.1671,0,0,UNCERTAIN,PREPARE,22534,MEDIUM,1.0187446624663374,259.5,0.96,,64.0,7.597535934291577,0.026645768025078453,,
2026-10-07,6182,合晶,IGNORE,0,,,,NEUTRAL,HIGH_RISK,,42.54,8.8564,116.132,90.27,88.32,137.8175,116.55,95.2825,0,0,UNCERTAIN,PREPARE,124998,HEAVY,1.0325957589374601,135.0,0.0,,565.0,20.535714285714278,0.15830115830115843,,
2026-10-07,6488,環球晶,IGNORE,0,,,,NEUTRAL,HIGH_RISK,,39.26,70.5623,985.0056,95.39,86.5,1218.5563,998.4,778.2437,0,0,UNCERTAIN,PREPARE,173641,HEAVY,1.196295787529764,1203.8,0.93,,1905.0,29.66915688367129,0.21694711538461542,,
2026-10-07,8028,昇陽半導體,IGNORE,0,6,0,,,HIGH_RISK,,29.8,12.5171,276.2556,81.56,82.31,304.0813,256.95,209.8187,0,0,UNCERTAIN,PREPARE,23513,MEDIUM,1.0540351431400383,285.0,0.0,,,10.679611650485432,0.10916520723876255,,
2026-10-07,3033,威健,IGNORE,0,10,6,0,,SAFE,,11.35,0.953,48.8576,47.2,65.49,42.9641,41.895,40.8259,18,6,FAKE_B,PREPARE,95792,HEAVY,0.6080059204816342,,,,,-0.4773269689737347,-0.0046544933762977525,,
2026-10-07,3413,京鼎,IGNORE,0,5,11,3,,SAFE,,14.94,6.3116,321.027,71.77,85.24,297.4952,285.1,272.7048,33,11,UNCERTAIN,PREPARE,27275,MEDIUM,1.2137279705996953,289.11,-0.21,,,1.763668430335108,0.011925640126271508,,
2026-10-07,3583,辛耘,WAIT,0,11,1,,,SAFE,,20.66,31.006,721.9363,86.91,85.66,759.513,709.35,659.187,1,3,UNCERTAIN,PREPARE,17451,MEDIUM,1.433859493658353,729.74,1.82,,,5.840455840455849,0.04743779516458724,,
2026-10-07,3680,家登,IGNORE,0,,,,NEUTRAL,NEUTRAL,,46.98,20.6833,500.0564,98.79,95.04,577.2809,530.925,484.5691,0,0,UNCERTAIN,PREPARE,31004,MEDIUM,0.6318460400797039,521.16,8.8,,-190.0,10.95890410958904,0.06794745020483117,,
2026-10-07,6196,帆宣,IGNORE,0,,,,,HIGH_RISK,,42.17,25.904,529.4854,93.46,92.15,672.9885,562.15,451.3115,0,0,UNCERTAIN,PREPARE,45863,MEDIUM,0.6996817283181594,551.32,21.53,,,25.233644859813076,0.19185270835186352,,
2026-10-07,6438,迅得,IGNORE,0,,,,,NEUTRAL,,35.04,5.101,153.1002,92.41,93.09,172.5553,155.025,137.4947,0,0,UNCERTAIN,PREPARE,7488,LIGHT,1.0221533671768763,156.37,5.84,,,9.966777408637872,0.06756974681502981,,
2026-10-07,6538,倉和,IGNORE,0,,,,NEUTRAL,NEUTRAL,,45.97,32.4201,207.4565,16.78,23.03,437.1891,367.1,297.0109,0,0,UNCERTAIN,PREPARE,6186,LIGHT,3.772090519424922,297.34,11.66,,-1273.0,-22.157092614302464,-0.09561427403977119,,
2026-10-07,6668,中揚光,IGNORE,0,,,,,HIGH_RISK,,50.26,2.7484,44.8793,64.58,59.32,53.2676,45.8925,38.5174,0,0,UNCERTAIN,PREPARE,10655,MEDIUM,1.1360944305718306,47.14,6.49,,,-0.1988071570576455,0.09386065261208265,,
2026-10-07,6789,采鈺,IGNORE,0,,,,,SAFE,,21.12,18.3306,467.0764,77.1,81.86,507.9924,465.6,423.2076,0,0,UNCERTAIN,PREPARE,14230,MEDIUM,0.6852931900068445,458.74,5.83,,,5.88876772082878,0.04274054982817854,,
2026-10-07,1301,台塑,IGNORE,0,,,,,HIGH_RISK,,23.29,2.8611,63.4511,95.09,86.7,71.8366,65.81,59.7834,0,0,UNCERTAIN,PREPARE,2236538,HEAVY,4.06292452875134,67.93,10.99,,,15.644171779141104,0.1457225345692148,,
2026-10-07,1303,南亞,IGNORE,0,,,,,HIGH_RISK,,38.26,16.5775,212.58,97.49,91.84,295.9013,247.475,199.0487,0,0,UNCERTAIN,PREPARE,2411640,HEAVY,1.6583877827582683,266.36,17.89,,,31.10647181628392,0.2688150318213962,,
2026-10-07,1326,台化,IGNORE,0,,,,,HIGH_RISK,,28.09,3.3673,67.096,91.46,78.09,74.7057,69.175,63.6443,0,0,UNCERTAIN,PREPARE,2282018,HEAVY,2.301976287431038,70.79,7.08,,,11.799410029498535,0.09577159378388145,,
2026-10-07,1402,遠東新,IGNORE,0,,,,,SAFE,,12.24,0.5427,27.8031,57.69,50.08,28.8468,28.1075,27.3682,0,0,UNCERTAIN,PREPARE,935229,HEAVY,1.0461865968709814,27.75,3.05,,,2.6929982046678624,0.01752201369741191,,
2026-10-07,1101,台泥,IGNORE,0,,,,,SAFE,,32.17,0.6351,24.5756,47.65,57.43,26.1712,24.835,23.4988,0,0,UNCERTAIN,PREPARE,959131,HEAVY,0.689772956196944,25.64,-0.55,,,5.590062111801242,0.02677672639420159,,
2026-10-07,1102,亞泥,IGNORE,0,,,,,SAFE,,29.74,0.5885,33.9338,58.5,54.53,35.9753,35.4075,34.8397,0,0,UNCERTAIN,PREPARE,505564,HEAVY,0.7909727812287801,34.59,3.79,,,1.8439716312056653,0.013909482454282251,,
2026-10-07,1216,統一,IGNORE,0,4,,,,SAFE,,12.68,1.0707,76.1419,43.95,23.4,76.6646,74.66,72.6554,0,0,UNCERTAIN,PREPARE,1927511,HEAVY,1.6300464833141588,75.84,-0.44,,,1.070950468540821,0.011251004553977983,,
2026-10-07,2207,和泰車,IGNORE,0,,,,ACCUMULATING,SAFE,,13.34,10.6491,489.0184,55.62,34.48,542.3621,522.4,502.4379,0,0,UNCERTAIN,PREPARE,125184,HEAVY,1.2304618585234641,520.57,1.04,,-4.0,0.5736137667303964,0.006891271056661541,,
2026-10-07,2912,統一超,IGNORE,0,4,1,,,SAFE,,37.69,2.5523,226.77,36.45,16.75,219.3895,214.375,209.3605,0,1,UNCERTAIN,PREPARE,149193,HEAVY,1.1719893459014485,221.36,-3.55,,,-0.6976744186046546,-0.004081632653061273,,
2026-10-07,2603,長榮,IGNORE,0,,,,,SAFE,,27.86,5.9466,224.2364,17.48,32.78,245.9822,237.525,229.0678,0,0,UNCERTAIN,PREPARE,556595,HEAVY,1.1022348702536573,225.78,2.98,,,-3.9256198347107474,-0.02115566782443956,,
2026-10-07,2609,陽明,IGNORE,0,,,,,SAFE,,33.71,1.6952,58.2931,34.28,32.56,61.7379,59.46,57.1821,0,0,UNCERTAIN,PREPARE,907520,HEAVY,0.37531177027752444,58.8,0.5,,,-3.2733224222585955,-0.006054490413723412,,
2026-10-07,2615,萬海,IGNORE,0,,,,,SAFE,,32.12,4.4886,108.7934,17.7,21.89,119.8701,113.9,107.9299,0,0,UNCERTAIN,PREPARE,1358620,HEAVY,0.4113096491950243,103.34,7.9,,,-4.700854700854706,-0.021071115013169495,,
