date,stock_id,name,decision,confidence,C_days,B_days,A_days,flow_status,cost_level,signal_type,adx,atr,vwap,kd_k,kd_d,bb_upper,bb_middle,bb_lower,B_quality,B_window_20,B_validity,B_phase,foreign_position,foreign_level,volume_ratio,foreign_cost,foreign_profit_pct,foreign_consecutive_buy,margin_change_5d,return_10d,bias_ma20,margin_consecutive_increase,margin_change_pct
2026-10-07,2317,鴻海,IGNORE,0,,,,,SAFE,,16.0,5.7137,249.3494,54.22,56.45,256.271,251.25,246.229,0,0,UNCERTAIN,PREPARE,5662448.0,HEAVY,1.049708326631352,255.13,-1.23,,,0.8000000000000007,0.0029850746268655914,,
2026-10-07,2330,台積電,IGNORE,0,,,,,SAFE,,43.42,39.3906,2375.8356,95.52,90.01,2594.4793,2472.5,2350.5207,0,0,UNCERTAIN,PREPARE,17946827.0,HEAVY,0.7665474574795694,2535.76,1.94,,,4.233870967741926,0.0455005055611728,,
2026-10-07,2454,聯發科,IGNORE,0,,,,,SAFE,,38.66,212.3061,4133.6098,28.18,48.48,5345.1635,4835.5,4325.8365,0,0,UNCERTAIN,PREPARE,901986.0,HEAVY,0.9877370362223165,4611.33,4.85,,,-3.4930139720558917,-0.00010340192327573661,,
2026-10-07,3450,聯鈞,IGNORE,0,,,,,SAFE,,12.61,32.4197,518.3476,63.18,59.84,553.0882,525.575,498.0618,0,0,FAKE_B,PREPARE,18854.0,MEDIUM,1.5084914099257472,,,,,-1.834862385321101,0.017932740332017305,,
2026-10-07,6187,萬潤,IGNORE,0,7.0,0.0,,NEUTRAL,HIGH_RISK,,41.58,87.2723,1307.3363,91.13,75.2,1531.6098,1320.5,1109.3902,0,0,UNCERTAIN,PREPARE,33910.0,MEDIUM,0.9368143291679609,1535.0,0.0,,1482.0,25.81967213114753,0.16243847027641034,,
2026-10-07,5443,均豪,IGNORE,0,,,,NEUTRAL,SAFE,,46.46,4.7369,108.8244,86.62,79.03,119.2118,110.15,101.0882,0,0,UNCERTAIN,PREPARE,26163.0,MEDIUM,0.3931685644657326,112.49,0.9,,137.0,8.095238095238088,0.03041307308216057,,
2026-10-07,4938,和碩,IGNORE,0,,,,,SAFE,,20.61,2.0235,89.0224,38.21,39.21,92.0932,90.255,88.4168,0,0,UNCERTAIN,PREPARE,828106.0,HEAVY,0.4640702255675928,90.07,-0.07,,,-0.8810572687224627,-0.0028253282366627053,,
2026-10-07,5269,祥碩,IGNORE,0,,,,,SAFE,,23.48,40.3854,1413.3122,32.61,45.55,1547.5937,1441.75,1335.9063,0,0,UNCERTAIN,PREPARE,7658.0,LIGHT,0.3798193002227266,1460.25,-0.36,,,-1.3559322033898313,0.00919022021848459,,
2026-10-07,5388,中磊,IGNORE,0,15.0,2.0,,,SAFE,,23.83,1.608,82.2953,52.57,35.46,74.2523,72.36,70.4677,6,2,UNCERTAIN,PREPARE,32073.0,MEDIUM,2.364694998608542,,,,,1.5089163237311354,0.022664455500276404,,
2026-10-07,5347,世界,IGNORE,0,4.0,0.0,10.0,NEUTRAL,HIGH_RISK,,63.18,7.7085,160.4854,96.22,95.54,197.0994,167.025,136.9506,2,5,UNCERTAIN,LATE,628003.0,HEAVY,1.2147047173286507,172.78,9.97,,-1771.0,20.253164556962023,0.13755425834455925,,
2026-10-07,6442,光聖,IGNORE,0,,,,,HIGH_RISK,,26.23,100.0708,1537.9035,75.58,52.91,1805.8162,1598.5,1391.1838,0,0,UNCERTAIN,PREPARE,26460.0,MEDIUM,1.8037033260242545,1652.35,9.84,,,19.01639344262296,0.1354394745073506,,
2026-10-07,5392,能率,IGNORE,0,1.0,0.0,0.0,NEUTRAL,NEUTRAL,,55.19,1.194,45.0178,17.28,26.81,44.6577,40.6675,36.6773,0,0,UNCERTAIN,PREPARE,5791.0,LIGHT,0.7449161399514457,47.73,-18.4,,122.0,-1.7654476670870056,-0.04223274113235387,,
2026-10-07,4979,華星光,IGNORE,0,,,,NEUTRAL,SAFE,,30.8,40.9373,556.4927,59.81,62.6,630.609,573.45,516.291,0,0,UNCERTAIN,PREPARE,25407.0,MEDIUM,2.260917649007747,561.19,3.17,,-353.0,5.850091407678248,0.009678263144127675,,
2026-10-07,4967,十銓,IGNORE,0,1.0,0.0,0.0,,NEUTRAL,,11.32,6.7236,262.9817,10.62,24.07,282.5743,273.4,264.2257,0,0,UNCERTAIN,PREPARE,8192.0,LIGHT,0.5928171640297334,275.66,-3.87,,,-4.159132007233268,-0.0307242136064374,,
2026-10-07,4989,榮科,IGNORE,0,12.0,0.0,,,HIGH_RISK,,19.19,3.4195,67.436,90.23,81.61,70.0575,62.15,54.2425,0,0,UNCERTAIN,PREPARE,6092.0,LIGHT,3.9708468037151468,70.52,4.51,,,21.018062397372738,0.18584070796460184,,
2026-10-07,4958,臻鼎-KY,IGNORE,0,,,,,HIGH_RISK,,25.63,27.8375,501.5861,95.27,85.58,583.0269,506.75,430.4731,0,0,UNCERTAIN,PREPARE,591508.0,HEAVY,1.0991490910196529,554.15,7.37,,,26.595744680851062,0.17414898865318196,,
2026-10-07,4966,譜瑞-KY,WAIT,0,6.0,7.0,0.0,NEUTRAL,SAFE,,28.43,15.0957,582.0882,65.93,76.27,593.6164,560.4,527.1836,21,7,UNCERTAIN,PREPARE,31179.0,MEDIUM,0.6543351245586322,568.0,0.0,,20.0,4.990757855822547,0.013561741613133504,,
2026-10-07,6206,飛捷,IGNORE,0,,,,,SAFE,,20.26,4.0539,138.3891,9.91,24.58,143.0161,138.1,133.1839,0,0,UNCERTAIN,PREPARE,28111.0,MEDIUM,0.7992615305742037,143.82,-6.48,,,-5.2816901408450745,-0.02606806661839245,,
2026-10-07,6202,盛群,IGNORE,0,7.0,0.0,5.0,,SAFE,,21.26,2.055,60.5011,65.88,75.16,62.8569,57.7,52.5431,2,4,UNCERTAIN,LATE,39031.0,MEDIUM,0.9896149706926153,59.98,1.53,,,5.913043478260871,0.0554592720970537,,
2026-10-07,6125,廣運,IGNORE,0,,,,NEUTRAL,SAFE,,25.71,1.3895,50.9353,70.17,68.91,52.1021,49.6525,47.2029,0,0,UNCERTAIN,PREPARE,29315.0,MEDIUM,0.6659399843021856,49.77,0.66,,56.0,4.266389177939645,0.00901263783293893,,
2026-10-07,6117,迎廣,IGNORE,0,6.0,5.0,2.0,,HIGH_RISK,,31.75,1.8631,65.4342,92.06,85.52,66.6166,62.35,58.0834,17,7,UNCERTAIN,PREPARE,1088.0,LIGHT,7.885626877720925,65.05,4.53,,,10.929853181076687,0.09061748195669606,,
2026-10-07,6223,旺矽,IGNORE,0,4.0,4.0,0.0,NEUTRAL,SAFE,,52.31,322.0303,5178.2045,67.92,51.78,5859.1042,5412.25,4965.3958,18,10,UNCERTAIN,PREPARE,31134.0,MEDIUM,0.8895628113860817,5144.28,7.5,,43.0,-1.2499999999999956,0.021756201210217485,,
2026-10-07,6213,聯茂,IGNORE,0,,,,NEUTRAL,HIGH_RISK,,38.27,41.3364,475.9511,98.8,95.01,782.2001,588.4,394.5999,0,0,UNCERTAIN,PREPARE,77466.0,HEAVY,0.8310151943672535,517.01,53.96,,-365.0,46.863468634686356,0.35282121006118294,,
2026-10-07,6214,精誠,IGNORE,0,,,,,SAFE,,35.94,3.2099,169.3741,31.47,25.81,193.6252,189.4,185.1748,0,0,UNCERTAIN,PREPARE,49259.0,MEDIUM,0.3951600713322786,180.4,5.04,,,-1.0443864229765065,0.000527983104540608,,
2026-10-07,6166,凌華,IGNORE,0,6.0,0.0,,,NEUTRAL,,25.57,6.0496,133.9062,57.75,67.62,140.7476,122.0,103.2524,0,0,UNCERTAIN,PREPARE,42363.0,MEDIUM,0.6037277013475145,128.64,1.83,,,4.3824701195219085,0.07377049180327866,,
2026-10-07,6163,華電網,WAIT,35,7.0,6.0,3.0,NEUTRAL,SAFE,,31.48,1.6544,41.4806,74.05,78.27,43.4083,41.1775,38.9467,19,7,UNCERTAIN,PREPARE,13763.0,MEDIUM,1.272488219679395,42.85,0.0,,1538.0,5.802469135802468,0.04061684172181401,,
2026-10-07,6188,廣明,IGNORE,0,11.0,,,NEUTRAL,SAFE,,79.28,1.3172,67.8323,57.7,41.85,67.5554,63.25,58.9446,0,0,UNCERTAIN,PREPARE,40678.0,MEDIUM,0.8589205948293328,62.04,0.75,,104.0,1.791530944625408,-0.011857707509881465,,
2026-10-07,6191,精成科,IGNORE,0,,,,,SAFE,,22.04,1.7665,82.6648,96.12,89.2,86.8815,83.455,80.0285,0,0,UNCERTAIN,PREPARE,24065.0,MEDIUM,1.5611763974519715,84.29,3.81,,,5.168269230769229,0.04846923491702104,,
2026-10-07,6147,頎邦,IGNORE,0,,,,DISTRIBUTION,HIGH_RISK,,52.24,13.6205,179.195,77.83,78.78,235.9983,202.625,169.2517,0,0,UNCERTAIN,PREPARE,266198.0,HEAVY,1.8864372482277942,208.67,10.94,,534.0,11.566265060240966,0.14250462677359654,,
2026-10-07,6285,啟碁,IGNORE,0,6.0,3.0,3.0,,HIGH_RISK,,14.78,9.4003,243.8092,96.03,89.5,254.9992,233.825,212.6508,12,6,UNCERTAIN,PREPARE,114377.0,HEAVY,2.516297749582443,241.38,6.68,,,10.042735042735051,0.10125093552870745,,
2026-10-07,5469,瀚宇博,IGNORE,0,,,,,HIGH_RISK,,32.08,1.837,58.6324,94.33,84.18,79.5619,74.055,68.5481,0,0,UNCERTAIN,PREPARE,37676.0,MEDIUM,1.8743468268236272,78.35,2.75,,,9.523809523809534,0.087029910201877,,
2026-10-07,6414,樺漢,IGNORE,0,9.0,2.0,,,SAFE,,19.87,12.863,430.6437,80.68,82.79,409.4362,382.15,354.8638,7,3,UNCERTAIN,PREPARE,64677.0,HEAVY,0.5199582843049633,408.08,-3.21,,,5.333333333333323,0.03362553970953819,,
2026-10-07,6412,群電,IGNORE,0,12.0,7.0,0.0,,SAFE,,11.47,1.291,78.5809,39.62,61.08,75.1435,74.255,73.3665,21,7,UNCERTAIN,PREPARE,19967.0,MEDIUM,1.2065987250692631,,,,,-0.13495276653170407,-0.0034341121809978725,,
2026-10-07,6245,立端,WAIT,15,7.0,2.0,7.0,NEUTRAL,SAFE,,37.11,2.5193,83.601,78.33,86.13,92.1813,84.01,75.8387,11,7,UNCERTAIN,LATE,19995.0,MEDIUM,0.47410780461097457,85.81,1.74,,34.0,4.6762589928057485,0.03916200452327101,,
2026-10-07,6239,力成,IGNORE,0,,,,,NEUTRAL,,21.61,12.6048,279.2911,87.44,83.58,311.404,286.5,261.596,0,0,UNCERTAIN,PREPARE,234507.0,HEAVY,0.9917335383969937,310.5,-0.97,,,5.128205128205132,0.0732984293193717,,
2026-10-07,6274,台燿,IGNORE,0,,,,NEUTRAL,HIGH_RISK,,42.81,109.7733,1459.4106,90.2,88.58,1755.7208,1476.25,1196.7792,0,0,UNCERTAIN,PREPARE,88812.0,HEAVY,1.4308647260336624,1422.47,20.92,,2608.0,21.5547703180212,0.1651143099068586,,
2026-10-07,6257,矽格,IGNORE,0,,,,,HIGH_RISK,,38.14,14.5766,231.0287,92.79,92.58,286.5813,238.15,189.7187,0,0,UNCERTAIN,PREPARE,157882.0,HEAVY,2.8489021258837637,245.06,13.44,,,10.97804391217565,0.16733151375183697,,
2026-10-07,5439,高技,IGNORE,0,,,,NEUTRAL,SAFE,,32.87,12.1525,251.7855,88.69,82.11,274.2329,255.2,236.1671,0,0,UNCERTAIN,PREPARE,22534.0,MEDIUM,1.0187446624663374,259.5,0.96,,64.0,7.597535934291577,0.026645768025078453,,
2026-10-07,6265,方土昶,IGNORE,0,,,,NEUTRAL,SAFE,,44.71,1.9741,53.9014,61.87,54.2,57.0927,50.54,43.9873,0,0,UNCERTAIN,PREPARE,9733.0,LIGHT,0.4088052541090275,,,,432.0,1.1316872427983515,-0.027502967946181234,,
2026-10-07,8064,東捷,IGNORE,0,,,,NEUTRAL,HIGH_RISK,,33.95,7.8308,119.8574,57.23,73.99,155.1377,125.45,95.7623,0,0,UNCERTAIN,PREPARE,23893.0,MEDIUM,0.38014975393326433,127.6,6.58,,-1440.0,14.767932489451475,0.08409724990035872,,
2026-10-07,8046,南電,IGNORE,0,,,,,HIGH_RISK,,28.42,83.4034,1190.1706,96.24,95.06,1559.5047,1217.0,874.4953,0,0,UNCERTAIN,PREPARE,85931.0,HEAVY,0.7893339765290465,1217.98,21.51,,,39.622641509433954,0.2161051766639277,,
2026-10-07,8028,昇陽半導體,IGNORE,0,6.0,0.0,,,HIGH_RISK,,29.8,12.5171,276.2556,81.56,82.31,304.0813,256.95,209.8187,0,0,UNCERTAIN,PREPARE,23513.0,MEDIUM,1.0540351431400383,285.0,0.0,,,10.679611650485432,0.10916520723876255,,
2026-10-07,8996,高力,IGNORE,0,,,,,HIGH_RISK,,45.03,104.1138,1240.8289,75.29,70.67,1756.4694,1451.0,1145.5306,0,0,UNCERTAIN,PREPARE,22161.0,MEDIUM,0.2956772604432255,1611.97,2.05,,,9.302325581395344,0.13370089593383883,,
2026-10-07,8150,南茂,IGNORE,0,,,,,HIGH_RISK,,43.98,6.9607,102.3615,96.78,93.43,134.4082,103.36,72.3118,0,0,UNCERTAIN,PREPARE,325844.0,HEAVY,0.6448811462431668,108.56,18.37,,,24.757281553398048,0.24322755417956676,,
2026-10-07,8155,博智,WAIT,0,7.0,1.0,,NEUTRAL,SAFE,,38.99,17.7459,346.7509,53.44,41.18,368.4906,332.1,295.7094,0,1,UNCERTAIN,PREPARE,4719.0,LIGHT,0.9052845611654677,327.94,1.85,,5.0,3.56589147286821,0.0057211683227942345,,
2026-10-07,8210,勤誠,WAIT,0,6.0,1.0,,NEUTRAL,SAFE,,11.79,31.0001,983.9595,55.42,45.52,929.8867,885.1,840.3133,0,1,FAKE_B,PREPARE,7289.0,LIGHT,1.4561631278406408,,,,544.0,-3.111111111111109,-0.01480058750423685,,
2026-10-07,8358,金居,IGNORE,0,,,,NEUTRAL,NEUTRAL,,43.15,34.6205,480.6878,77.15,72.7,563.8773,512.125,460.3727,0,0,UNCERTAIN,PREPARE,70926.0,HEAVY,1.0768442924743482,,,,240.0,7.647058823529407,0.07200390529655842,,
2026-10-07,8299,群聯,IGNORE,0,,,,NEUTRAL,SAFE,,35.17,88.1678,2013.2439,36.89,50.01,2222.1054,2065.5,1908.8946,0,0,UNCERTAIN,PREPARE,98055.0,HEAVY,0.45650527017403825,,,,60.0,3.7783375314861534,-0.002662793512466677,,
2026-10-07,6770,力積電,IGNORE,0,,,,NEUTRAL,SAFE,,15.27,3.0244,69.7402,55.05,72.33,77.0401,72.63,68.2199,0,0,UNCERTAIN,PREPARE,793563.0,HEAVY,0.7833899365829855,73.52,-1.24,,-28.0,-0.13755158184319827,-0.00041305245766209975,,
2026-10-07,6781,AES-KY,WAIT,0,12.0,4.0,0.0,NEUTRAL,SAFE,,12.62,30.4373,1064.2456,66.5,76.23,1061.7508,1019.05,976.3492,12,4,UNCERTAIN,PREPARE,59879.0,HEAVY,0.8960641202813358,1106.18,-7.34,,-183.0,1.4851485148514865,0.005838771404739651,,
2026-10-07,6821,聯寶,IGNORE,0,10.0,0.0,,NEUTRAL,HIGH_RISK,,38.78,1.8187,43.009,84.98,78.71,46.2158,42.0425,37.8692,0,1,UNCERTAIN,PREPARE,886.0,LIGHT,1.2160298521178579,43.86,3.85,,-29.0,11.097560975609744,0.08342748409347678,,
2026-10-07,6805,富世達,IGNORE,0,,,,,SAFE,,38.97,152.141,1980.4347,46.98,53.45,2672.6103,2322.25,1971.8897,0,0,UNCERTAIN,PREPARE,12391.0,MEDIUM,0.5973999939322183,2292.5,7.09,,,1.6563146997929712,0.05716438798578971,,
2026-10-07,6640,均華,WAIT,0,6.0,3.0,0.0,NEUTRAL,NEUTRAL,,42.61,79.3331,1096.5029,64.96,59.38,1273.4536,1130.0,986.5464,9,3,UNCERTAIN,PREPARE,1221.0,LIGHT,0.8709067628657605,1076.24,0.35,,-16.0,-3.139013452914796,-0.04424778761061943,,
2026-10-07,6643,M31,IGNORE,0,10.0,0.0,,NEUTRAL,HIGH_RISK,,52.3,25.8697,462.6464,75.16,83.14,550.8341,457.0,363.1659,0,0,UNCERTAIN,PREPARE,6106.0,LIGHT,0.7036623631018876,,,,34.0,18.571428571428573,0.0897155361050328,,
2026-10-07,6669,緯穎,IGNORE,0,4.0,,,NEUTRAL,SAFE,,45.79,202.4401,3742.1966,64.6,42.26,2387.5541,2194.75,2001.9459,0,0,UNCERTAIN,PREPARE,145847.0,HEAVY,0.9867524625511142,,,,25.0,4.1860465116279055,0.020617382389793937,,
2026-10-07,6672,騰輝電子-KY,IGNORE,0,,,,NEUTRAL,HIGH_RISK,,47.65,23.1518,304.6853,98.98,96.41,481.3485,344.525,207.7015,0,0,UNCERTAIN,PREPARE,23619.0,MEDIUM,0.3852634831323636,370.46,36.32,,-213.0,62.90322580645162,0.46578622741455633,,
2026-10-07,2049,上銀,IGNORE,0,16.0,1.0,,,SAFE,,13.75,14.9346,353.5503,80.98,73.14,364.6468,338.825,313.0032,0,1,UNCERTAIN,PREPARE,138719.0,HEAVY,1.0198676905615744,353.38,-3.08,,,2.5449101796407136,0.010846307090681018,,
2026-10-07,1536,和大,IGNORE,0,12.0,4.0,0.0,,SAFE,,30.27,0.928,54.7144,40.48,41.97,47.9307,46.7675,45.6043,12,4,UNCERTAIN,PREPARE,14278.0,MEDIUM,0.6991100266928286,49.33,-5.63,,,-0.42780748663102663,-0.0046506655262735785,,
2026-10-07,1560,中砂,IGNORE,0,,,,,HIGH_RISK,,55.19,37.3295,767.6475,89.13,93.88,1125.4608,886.2,646.9392,0,0,UNCERTAIN,PREPARE,61689.0,HEAVY,0.45526350372071434,839.22,21.54,,,11.597374179431075,0.15098171970209884,,
2026-10-07,1503,士電,IGNORE,0,4.0,4.0,0.0,,SAFE,,14.45,4.4129,201.6208,72.68,54.69,205.2095,198.425,191.6405,12,4,UNCERTAIN,PREPARE,160106.0,HEAVY,1.332300541392411,203.48,-1.95,,,0.5037783375314797,0.005417664104825359,,
2026-10-07,1513,中興電,IGNORE,0,,,,,SAFE,,24.69,3.1842,163.0393,75.45,71.57,169.1761,165.85,162.5239,0,0,UNCERTAIN,PREPARE,66668.0,HEAVY,1.6688602537860318,167.16,0.5,,,0.9009009009008917,0.012963521254145238,,
2026-10-07,1514,亞力,IGNORE,0,,,,,SAFE,,25.02,2.4577,104.9917,39.48,38.76,104.6682,101.97,99.2718,0,0,UNCERTAIN,PREPARE,37288.0,MEDIUM,1.8056272014205887,102.34,1.13,,,0.9756097560975618,0.015004413062665423,,
2026-10-07,1519,華城,IGNORE,0,7.0,,,,SAFE,,25.14,19.4276,712.7289,42.06,26.29,732.176,704.95,677.724,0,0,UNCERTAIN,PREPARE,62197.0,HEAVY,1.7701052067865877,,,,,-2.228412256267409,-0.0041846939499256,,
2026-10-07,1717,長興,IGNORE,0,,,,,SAFE,,15.28,2.4076,72.6717,97.64,93.06,75.9178,72.12,68.3222,0,0,UNCERTAIN,PREPARE,146847.0,HEAVY,1.1778902374446119,77.12,-1.97,,,5.439330543933041,0.048252911813643884,,
2026-10-07,1590,亞德客-KY,IGNORE,0,4.0,,,,SAFE,,32.75,50.6423,1343.8363,38.24,16.35,1336.0961,1241.5,1146.9039,0,0,UNCERTAIN,PREPARE,160053.0,HEAVY,0.6733778152029544,1230.0,0.0,,,-0.8064516129032251,-0.009262988320579923,,
2026-10-07,2395,研華,IGNORE,0,,,,,SAFE,,38.98,25.4572,640.5327,87.37,87.47,756.3247,700.35,644.3753,0,0,UNCERTAIN,PREPARE,314160.0,HEAVY,0.6389327180420618,696.32,5.27,,,3.82436260623229,0.04661954736917262,,
2026-10-07,2401,凌陽,IGNORE,0,5.0,5.0,6.0,,SAFE,,20.47,0.8695,27.1542,69.54,78.24,27.6605,25.5825,23.5045,18,8,UNCERTAIN,LATE,97267.0,HEAVY,0.6628829662088067,26.73,-1.04,,,0.7619047619047636,0.03390989934525557,,
2026-10-07,2408,南亞科,IGNORE,0,,,,,SAFE,,13.5,22.5568,477.2181,72.16,78.73,546.1143,508.8,471.4857,0,0,UNCERTAIN,PREPARE,526142.0,HEAVY,0.8773267566705557,513.89,0.02,,,-0.3875968992248069,0.010220125786163603,,
2026-10-07,2376,技嘉,IGNORE,0,,,,,SAFE,,28.84,13.3726,347.8261,63.86,76.22,384.144,360.625,337.106,0,0,UNCERTAIN,PREPARE,165346.0,HEAVY,2.2642783172352723,366.18,-0.19,,,-0.6793478260869512,0.01351819757365691,,
2026-10-07,2377,微星,IGNORE,0,,,,,SAFE,,26.42,4.4115,151.4689,87.09,71.25,157.4338,152.575,147.7162,0,0,UNCERTAIN,PREPARE,166782.0,HEAVY,0.654157116395937,155.34,0.42,,,1.9607843137254832,0.0224479764050467,,
2026-10-07,2379,瑞昱,IGNORE,0,,,,,SAFE,,34.35,26.0137,728.29,46.8,69.81,783.2901,733.35,683.4099,0,0,UNCERTAIN,PREPARE,238021.0,HEAVY,0.517593577401737,734.04,0.95,,,0.13513513513514486,0.01043158110042941,,
2026-10-07,2382,廣達,IGNORE,0,,,,,SAFE,,17.22,7.6204,326.0825,22.96,23.74,346.5316,336.875,327.2184,0,0,UNCERTAIN,PREPARE,949265.0,HEAVY,0.6973121377381992,337.76,-0.82,,,-2.7576197387518153,-0.005565862708719838,,
2026-10-07,2383,台光電,IGNORE,0,12.0,0.0,,,HIGH_RISK,,20.29,282.4255,5099.6026,90.55,77.98,5915.4957,5203.5,4491.5043,0,0,UNCERTAIN,PREPARE,156024.0,HEAVY,1.2949937304350077,5598.25,6.28,,,21.552604698672106,0.14346113193043153,,
2026-10-07,2388,威盛,IGNORE,0,12.0,4.0,0.0,,SAFE,,21.81,2.7201,74.3829,51.14,58.36,77.479,72.28,67.081,12,4,UNCERTAIN,PREPARE,84130.0,HEAVY,0.49234275824436774,73.69,-2.97,,,2.582496413199431,-0.010791366906474864,,
2026-10-07,2441,超豐,IGNORE,0,,,,,SAFE,,21.89,4.5089,120.8546,81.28,74.94,132.0837,121.125,110.1663,0,0,UNCERTAIN,PREPARE,63057.0,HEAVY,0.6776170930346365,123.05,3.21,,,-0.39215686274509665,0.0485036119711042,,
2026-10-07,2449,京元電子,IGNORE,0,,,,,SAFE,,29.72,13.3108,272.1147,29.42,39.84,323.274,285.75,248.226,0,0,FAKE_B,PREPARE,368158.0,HEAVY,0.9406991577945464,298.33,0.39,,,-0.6633499170812573,0.04811898512685908,,
2026-10-07,2417,圓剛,IGNORE,0,1.0,0.0,0.0,,SAFE,,12.02,0.895,39.7604,18.1,37.64,39.5632,38.63,37.6968,0,0,UNCERTAIN,PREPARE,3770.0,LIGHT,1.1724121104881864,38.93,-2.65,,,-3.562340966921118,-0.018897230132021825,,
2026-10-07,2421,建準,IGNORE,0,,,,,SAFE,,22.33,6.4464,157.2446,84.6,74.87,172.8129,165.35,157.8871,0,0,UNCERTAIN,PREPARE,106620.0,HEAVY,0.809646001824886,163.39,4.96,,,3.003003003003002,0.03719383126700948,,
2026-10-07,2303,聯電,IGNORE,0,,,,,SAFE,,30.83,7.1135,134.3486,29.18,53.51,166.2063,149.925,133.6437,0,0,UNCERTAIN,PREPARE,5146953.0,HEAVY,0.8092915703595401,151.97,-2.28,,,-5.414012738853502,-0.009504752376188197,,
2026-10-07,2308,台達電,IGNORE,0,,,,,HIGH_RISK,,19.79,87.994,1762.7761,87.12,88.45,2081.8517,1823.0,1564.1483,0,0,UNCERTAIN,PREPARE,1601646.0,HEAVY,0.882839467228695,2008.37,-0.91,,,6.133333333333324,0.09160724081184868,,
2026-10-07,2313,華通,IGNORE,0,,,,,NEUTRAL,,21.49,10.634,223.8162,81.69,72.87,247.1073,227.875,208.6427,0,0,UNCERTAIN,PREPARE,236745.0,HEAVY,2.4704491847445076,242.54,1.43,,,10.81081081081081,0.07953922106417988,,
2026-10-07,2324,仁寶,IGNORE,0,3.0,,,,SAFE,,18.1,1.0774,38.9346,15.94,16.28,39.1166,37.1725,35.2284,0,0,FAKE_B,PREPARE,1476349.0,HEAVY,0.6348337110063575,,,,,-3.9893617021276584,-0.02885197390544081,,
2026-10-07,2301,光寶科,IGNORE,0,,,,,SAFE,,36.17,12.1666,264.7033,82.84,67.37,300.954,285.35,269.746,0,0,UNCERTAIN,PREPARE,1002585.0,HEAVY,1.04605854304178,273.99,9.49,,,3.9861351819757473,0.05134045908533369,,
2026-10-07,2353,宏碁,IGNORE,0,,,,,SAFE,,12.98,0.7235,30.8668,18.59,23.34,32.3381,31.55,30.7619,0,0,UNCERTAIN,PREPARE,409624.0,HEAVY,0.5865816854809245,31.38,-0.24,,,-2.6438569206842844,-0.007923930269413626,,
2026-10-07,2356,英業達,IGNORE,0,1.0,0.0,0.0,,NEUTRAL,,25.53,1.6194,63.5477,5.21,8.62,64.3473,60.815,57.2827,0,0,FAKE_B,PREPARE,638732.0,HEAVY,0.7706919228602881,64.95,-10.55,,,-5.98705501618122,-0.04464359121927175,,
2026-10-07,2357,華碩,IGNORE,0,,,,,SAFE,,29.17,27.2424,872.9273,88.13,86.52,1003.8404,960.7,917.5596,0,0,UNCERTAIN,PREPARE,293347.0,HEAVY,0.9690780729406855,882.99,12.01,,,4.545454545454541,0.029457687103153996,,
2026-10-07,2359,所羅門,IGNORE,0,15.0,,,,SAFE,,11.5,4.2039,144.5194,28.04,24.89,134.0979,129.025,123.9521,0,0,UNCERTAIN,PREPARE,8152.0,LIGHT,0.4314752830083534,127.5,0.0,,,-3.409090909090906,-0.01181941484208493,,
2026-10-07,2360,致茂,IGNORE,0,,,,,NEUTRAL,,25.31,144.694,2085.1723,68.59,52.74,2470.0037,2236.25,2002.4963,0,0,UNCERTAIN,PREPARE,255354.0,HEAVY,1.9158205363349254,2145.87,11.84,,,1.0526315789473717,0.07322526551145891,,
2026-10-07,2368,金像電,IGNORE,0,,,,,HIGH_RISK,,34.29,73.1812,1028.4191,90.22,84.65,1254.012,1084.7,915.388,0,0,UNCERTAIN,PREPARE,114606.0,HEAVY,1.2097205636403043,,,,,19.138755980861255,0.14778279708675202,,
2026-10-07,2352,佳世達,IGNORE,0,,,,,SAFE,,28.54,0.7029,29.1584,17.86,32.82,29.6418,29.0075,28.3732,0,0,UNCERTAIN,PREPARE,111507.0,HEAVY,0.6734378985298357,29.32,-1.44,,,-2.3648648648648796,-0.003705938119451968,,
2026-10-07,2337,旺宏,IGNORE,0,11.0,5.0,0.0,,SAFE,,13.33,4.7999,124.7133,51.08,62.83,126.0524,119.9,113.7476,15,5,UNCERTAIN,PREPARE,488457.0,HEAVY,0.8488068732420289,123.69,-4.6,,,-1.6666666666666718,-0.015846538782318675,,
2026-10-07,2344,華邦電,IGNORE,0,,,,,SAFE,,15.82,8.1142,171.4263,82.57,81.05,189.2817,174.975,160.6683,0,0,UNCERTAIN,PREPARE,935754.0,HEAVY,0.6962506922442063,179.27,0.13,,,3.1609195402298784,0.02586083726246602,,
2026-10-07,2345,智邦,IGNORE,0,4.0,0.0,,,SAFE,,15.58,101.5265,2004.1618,81.32,71.14,2078.1516,1908.0,1737.8484,0,0,UNCERTAIN,PREPARE,319137.0,HEAVY,1.170340971046019,1876.8,7.36,,,9.510869565217384,0.056079664570230614,,
2026-10-07,1303,南亞,IGNORE,0,,,,,HIGH_RISK,,38.26,16.5775,212.58,97.49,91.84,295.9013,247.475,199.0487,0,0,UNCERTAIN,PREPARE,2411640.0,HEAVY,1.6583877827582683,266.36,17.89,,,31.10647181628392,0.2688150318213962,,
2026-10-07,1319,東陽,IGNORE,0,5.0,3.0,0.0,,SAFE,,15.75,1.295,77.6514,42.52,26.97,80.5982,78.925,77.2518,9,3,UNCERTAIN,PREPARE,70358.0,HEAVY,1.3538026004554293,79.92,0.1,,,-0.37359900373599153,0.013620525815647877,,
2026-10-07,2455,全新,IGNORE,0,,,,,SAFE,,40.76,30.8873,439.1168,52.17,63.11,593.5958,546.65,499.7042,0,0,UNCERTAIN,PREPARE,59370.0,HEAVY,1.8719306103357538,517.37,8.05,,,-2.2727272727272707,0.022592152199762294,,
2026-10-07,3653,健策,IGNORE,0,,,,,HIGH_RISK,,35.86,365.7122,4912.4982,79.01,87.19,7526.9998,6176.25,4825.5002,0,0,UNCERTAIN,PREPARE,37590.0,MEDIUM,0.84387119961086,5583.73,21.87,,,17.53022452504318,0.10180125480671931,,
2026-10-07,3661,世芯-KY,IGNORE,0,10.0,0.0,,NEUTRAL,HIGH_RISK,,22.8,193.0509,3703.0823,97.45,91.11,4260.2345,3749.75,3239.2655,0,1,UNCERTAIN,PREPARE,43812.0,MEDIUM,1.3768345503211112,3749.16,11.76,,-2008.0,14.324693042291958,0.11740782718847931,,
2026-10-07,3583,辛耘,WAIT,0,11.0,1.0,,,SAFE,,20.66,31.006,721.9363,86.91,85.66,759.513,709.35,659.187,1,3,UNCERTAIN,PREPARE,17451.0,MEDIUM,1.433859493658353,729.74,1.82,,,5.840455840455849,0.04743779516458724,,
2026-10-07,3587,閎康,IGNORE,0,,,,NEUTRAL,SAFE,,28.66,7.6293,249.8469,69.09,71.99,259.4206,243.275,227.1294,0,0,UNCERTAIN,PREPARE,9387.0,LIGHT,1.108617445216094,,,,157.0,4.680851063829783,0.01120131538382485,,
2026-10-07,3596,智易,IGNORE,0,4.0,6.0,0.0,,SAFE,,17.43,3.2728,159.2044,82.47,63.62,157.4679,154.375,151.2821,18,6,UNCERTAIN,PREPARE,55284.0,HEAVY,0.9990121796754534,157.0,0.0,,,1.2903225806451646,0.017004048582995868,,
2026-10-07,3709,鑫聯大投控,WAIT,0,8.0,5.0,0.0,NEUTRAL,SAFE,,52.91,1.4714,70.2548,77.59,71.67,67.6292,64.13,60.6308,15,5,UNCERTAIN,PREPARE,5958.0,LIGHT,0.6185809689698295,,,,-2.0,5.769230769230771,0.029159519725557415,,
2026-10-07,3711,日月光投控,IGNORE,0,,,,,HIGH_RISK,,27.32,27.1148,621.0477,92.09,94.24,766.4537,668.3,570.1463,0,0,UNCERTAIN,PREPARE,3494165.0,HEAVY,0.5415913747207441,649.45,12.71,,,10.407239819004532,0.0953164746371391,,
2026-10-07,3706,神達,WAIT,0,13.0,3.0,0.0,,SAFE,,23.92,1.7905,88.5247,60.32,56.28,86.1935,80.545,74.8965,9,3,UNCERTAIN,PREPARE,134284.0,HEAVY,0.42423704902480286,88.8,-8.89,,,1.3784461152882344,0.004407474082810836,,
2026-10-07,3443,創意,IGNORE,0,,,,,HIGH_RISK,,53.92,443.3423,5360.0202,77.88,79.23,9399.0282,7329.25,5259.4718,0,0,UNCERTAIN,PREPARE,36639.0,MEDIUM,0.9948134748393672,6808.1,24.26,,,11.096520026263956,0.15427908721901962,,
2026-10-07,3363,上詮,IGNORE,0,5.0,,,NEUTRAL,SAFE,,31.61,41.606,676.7735,56.71,37.53,775.3695,686.15,596.9305,0,0,UNCERTAIN,PREPARE,25676.0,MEDIUM,1.2099840266860167,662.85,2.44,,532.0,-0.7309941520467822,-0.010420461998105313,,
2026-10-07,3376,新日興,IGNORE,0,1.0,0.0,0.0,,NEUTRAL,,25.81,5.9059,192.5049,7.33,13.84,198.9997,179.05,159.1003,0,0,UNCERTAIN,PREPARE,19470.0,MEDIUM,0.6576564261843773,169.0,0.0,,,-4.519774011299438,-0.05612957274504338,,
2026-10-07,3380,明泰,IGNORE,0,,,,,SAFE,,33.02,1.078,30.0901,19.39,36.95,33.0038,31.0425,29.0812,0,0,UNCERTAIN,PREPARE,17141.0,MEDIUM,0.455323900541952,31.95,-3.29,,,-6.7873303167420795,-0.004590480792462048,,
2026-10-07,3545,敦泰,IGNORE,0,,,,,SAFE,,17.09,1.4317,48.9064,21.22,44.32,52.8789,50.615,48.3511,0,0,UNCERTAIN,PREPARE,34219.0,MEDIUM,1.234203929602105,50.57,-2.12,,,-4.255319148936176,-0.02202904277388118,,
2026-10-07,3563,牧德,IGNORE,0,7.0,1.0,,,SAFE,,21.24,32.7507,705.7425,44.36,63.76,822.1582,712.1,602.0418,0,1,UNCERTAIN,PREPARE,4058.0,LIGHT,0.7957788400116287,764.57,-3.21,,,12.12121212121211,0.0391798904648224,,
2026-10-07,3529,力旺,IGNORE,0,5.0,0.0,,NEUTRAL,SAFE,,53.31,176.703,2725.8213,52.38,73.08,3547.6916,2867.0,2186.3084,0,1,UNCERTAIN,PREPARE,43767.0,MEDIUM,0.4987487892388086,2759.65,9.25,,-174.0,11.66666666666667,0.05162190442971748,,
2026-10-07,4576,大銀微系統,IGNORE,0,,,,NEUTRAL,SAFE,,20.85,11.5344,224.3222,55.11,56.52,244.8889,234.2,223.5111,0,0,UNCERTAIN,PREPARE,8298.0,LIGHT,0.8331471774877196,235.83,-1.62,,-16.0,-0.6423982869379063,-0.009393680614859012,,
2026-10-07,4904,遠傳,IGNORE,0,,,,,SAFE,,27.7,1.8636,102.6138,66.59,52.9,107.1965,105.325,103.4535,0,0,UNCERTAIN,PREPARE,731759.0,HEAVY,0.8440761877202435,103.67,2.25,,,0.0,0.006408734868264876,,
2026-10-07,4906,正文,IGNORE,0,,,,NEUTRAL,HIGH_RISK,,28.24,1.9139,37.5371,90.47,88.71,43.872,38.4675,33.063,0,0,UNCERTAIN,PREPARE,32988.0,MEDIUM,1.694102102224547,40.75,3.57,,-1835.0,9.610389610389625,0.09702996035614486,,
2026-10-07,4919,新唐,IGNORE,0,6.0,0.0,,,HIGH_RISK,,29.23,9.1181,138.2009,82.94,86.32,165.5452,131.55,97.5548,0,0,UNCERTAIN,PREPARE,3125.0,LIGHT,1.7082413003391264,151.71,5.13,,,27.091633466135455,0.21246674268339016,,
2026-10-07,4510,高鋒,IGNORE,0,,,,NEUTRAL,NEUTRAL,,26.44,1.3123,45.6464,19.59,33.24,46.8928,43.6625,40.4322,0,0,UNCERTAIN,PREPARE,,NONE,0.25641717680229864,45.91,-8.74,,-36.0,-1.4117647058823568,-0.040366447180074316,,
2026-10-07,4526,東台,IGNORE,0,,,,,SAFE,,30.11,1.292,32.0154,78.55,80.74,34.9328,32.0875,29.2422,0,0,UNCERTAIN,PREPARE,,NONE,0.4427272626837242,32.68,2.37,,,2.60736196319018,0.042462017919750794,,
2026-10-07,4540,全球傳動,IGNORE,0,,,,,SAFE,,34.37,2.2075,58.3747,26.66,50.06,62.8598,59.5,56.1402,0,0,UNCERTAIN,PREPARE,,NONE,0.44265681865334217,61.83,-4.75,,,-2.4834437086092676,-0.010084033613445453,,
2026-10-07,2457,飛宏,IGNORE,0,7.0,9.0,0.0,,SAFE,,8.7,0.5693,22.1777,48.6,59.29,22.8621,22.075,21.2879,27,9,UNCERTAIN,PREPARE,,NONE,0.8324020546114341,22.45,-1.99,,,-0.9009009009009028,-0.003397508493771184,,
2026-10-07,2458,義隆,IGNORE,0,6.0,8.0,8.0,,SAFE,,18.97,3.8493,146.8798,61.94,71.73,140.037,131.675,123.313,25,9,UNCERTAIN,LATE,,NONE,0.7422253718300429,134.0,0.0,,,2.6819923371647514,0.017657110309474033,,
2026-10-07,2464,盟立,IGNORE,0,,,,,SAFE,,24.06,12.0666,185.992,51.31,55.3,203.5835,189.925,176.2665,0,0,UNCERTAIN,PREPARE,,NONE,1.012345404640754,193.26,-0.14,,,0.2597402597402487,0.0161906015532447,,
2026-10-07,3189,景碩,IGNORE,0,,,,,HIGH_RISK,,30.54,58.9352,850.4419,96.4,95.21,1127.3456,908.25,689.1544,0,0,UNCERTAIN,PREPARE,121368.0,HEAVY,0.6902783770415847,947.15,16.14,,,33.01088270858526,0.21112028626479495,,
2026-10-07,3211,順達,IGNORE,0,,,,NEUTRAL,SAFE,,20.31,22.1085,378.7909,79.09,81.81,408.7076,381.7,354.6924,0,0,UNCERTAIN,PREPARE,,NONE,1.153307202903748,,,,-104.0,5.270270270270272,0.020434896515588274,,
2026-10-07,3324,雙鴻,IGNORE,0,,,,NEUTRAL,SAFE,,59.4,99.0617,1210.235,41.02,56.7,1719.1165,1455.5,1191.8835,0,0,UNCERTAIN,PREPARE,36230.0,MEDIUM,0.6758802306647151,1253.87,21.62,,594.0,12.132352941176471,0.04774991411885954,,
2026-10-07,3227,原相,WAIT,0,10.0,3.0,0.0,NEUTRAL,SAFE,,43.24,3.6999,193.8686,81.95,79.79,195.2132,186.725,178.2368,9,3,UNCERTAIN,PREPARE,,NONE,0.8032291106287454,186.54,-0.02,,0.0,1.3586956521739024,-0.0012049805864238206,,
2026-10-07,3231,緯創,IGNORE,0,,,,,SAFE,,30.24,6.1627,180.3572,69.8,70.18,191.3347,185.4,179.4653,0,0,UNCERTAIN,PREPARE,1223481.0,HEAVY,0.6032179275386845,183.07,1.06,,,-0.8042895442359255,-0.0021574973031284195,,
2026-10-07,3234,光環,IGNORE,0,,,,NEUTRAL,SAFE,,33.41,11.6884,175.3555,76.29,63.71,206.1378,182.95,159.7622,0,0,UNCERTAIN,PREPARE,,NONE,1.8729603243645312,187.55,1.84,,0.0,7.605633802816891,0.04400109319486201,,
2026-10-07,3260,威剛,IGNORE,0,1.0,0.0,0.0,NEUTRAL,NEUTRAL,,43.37,10.2659,401.1335,4.5,8.18,421.5027,391.025,360.5473,0,0,UNCERTAIN,PREPARE,,NONE,1.4245565939722593,388.99,-6.17,,470.0,-8.635794743429281,-0.06655584681286353,,
2026-10-07,3088,艾訊,WAIT,15,7.0,2.0,7.0,NEUTRAL,SAFE,,51.26,4.7462,132.9468,84.01,84.09,138.6145,127.9,117.1855,11,7,UNCERTAIN,LATE,,NONE,1.2265470064405335,135.25,-0.92,,-1.0,8.064516129032251,0.047693510555121055,,
2026-10-07,3029,零壹,IGNORE,0,,,,,SAFE,,40.76,3.9999,114.4571,8.54,21.17,124.2682,117.65,111.0318,0,0,UNCERTAIN,PREPARE,,NONE,0.6795426838023785,116.86,-1.17,,,-4.545454545454541,-0.018274543136421628,,
2026-10-07,3019,亞光,IGNORE,0,,,,,SAFE,,20.19,4.5032,139.3748,74.43,76.11,142.3748,137.2,132.0252,0,0,UNCERTAIN,PREPARE,,NONE,1.003243509644836,141.41,-2.41,,,1.4705882352941124,0.005830903790087438,,
2026-10-07,3006,晶豪科,IGNORE,0,,,,,NEUTRAL,,20.31,14.1849,261.842,26.9,42.38,307.4059,283.425,259.4441,0,0,UNCERTAIN,PREPARE,,NONE,0.4306075397782439,279.55,-3.24,,,-5.087719298245618,-0.0456028931816177,,
2026-10-07,3013,晟銘電,IGNORE,0,9.0,0.0,,,HIGH_RISK,,30.9,3.6475,82.3156,94.84,87.39,96.1963,86.605,77.0137,1,2,UNCERTAIN,PREPARE,6379.0,LIGHT,2.3355839202164743,,,,,15.884476534296033,0.1119450378153688,,
2026-10-07,3017,奇鋐,IGNORE,0,,,,,SAFE,,22.37,190.0955,2887.4328,72.62,74.81,3691.6494,3407.0,3122.3506,0,0,UNCERTAIN,PREPARE,213177.0,HEAVY,1.1740109664475613,3154.08,12.39,,,3.8067349926793614,0.04050484297035517,,
2026-10-07,3034,聯詠,IGNORE,0,,,,,SAFE,,31.88,15.6962,520.2791,10.94,20.77,559.0532,544.45,529.8468,0,0,UNCERTAIN,PREPARE,276255.0,HEAVY,0.6794060266693067,522.87,1.17,,,-3.4671532846715314,-0.028377261456515868,,
2026-10-07,3035,智原,IGNORE,0,,,,,NEUTRAL,,33.06,8.2588,184.1156,70.77,85.19,228.866,193.725,158.584,0,0,UNCERTAIN,PREPARE,47980.0,MEDIUM,0.6483866079014328,194.58,7.41,,,9.424083769633507,0.07884888372693255,,
2026-10-07,3062,建漢,IGNORE,0,,,,,SAFE,,26.33,0.6522,21.3787,52.48,61.05,23.605,21.615,19.625,0,0,UNCERTAIN,PREPARE,,NONE,0.6884466085368978,21.35,4.71,,,-3.4557235421166177,0.03400416377515625,,
2026-10-07,3081,聯亞,IGNORE,0,6.0,0.0,,NEUTRAL,NEUTRAL,,39.33,205.9195,2883.9743,75.94,52.47,3432.9939,2913.0,2393.0061,0,1,UNCERTAIN,PREPARE,,NONE,1.566490649639201,3060.74,2.59,,215.0,11.942959001782526,0.07792653621695855,,
2026-10-07,3037,欣興,IGNORE,0,,,,,HIGH_RISK,,29.73,64.3325,953.4255,93.37,94.08,1381.9441,1100.3,818.6559,0,0,UNCERTAIN,PREPARE,697383.0,HEAVY,0.5950925434171942,1097.39,18.92,,,27.941176470588225,0.18604017086249214,,
2026-10-07,3044,健鼎,IGNORE,0,,,,,HIGH_RISK,,40.19,19.7877,464.1763,93.78,87.35,578.3724,525.375,472.3776,0,0,UNCERTAIN,PREPARE,,NONE,0.8867447285548773,547.77,6.25,,,11.068702290076327,0.10778015703069244,,
2026-10-07,2397,友通,IGNORE,0,,,,,SAFE,,21.12,1.654,59.8227,83.56,90.31,65.2172,61.585,57.9528,0,0,UNCERTAIN,PREPARE,,NONE,0.8644963239201009,,,,,2.5889967637540368,0.029471462206706267,,
2026-10-07,2409,友達,IGNORE,0,,,,,HIGH_RISK,,47.64,2.2011,31.2826,71.12,79.79,41.7622,33.6775,25.5928,0,0,UNCERTAIN,PREPARE,,NONE,0.6000730255960386,,,,,13.793103448275868,0.12686511766015895,,
2026-10-07,2427,三商電,IGNORE,0,,,,,SAFE,,28.33,0.6094,24.1549,15.92,21.0,24.3252,23.1675,22.0098,0,0,UNCERTAIN,PREPARE,,NONE,0.2671146727122582,,,,,-3.571428571428581,-0.009388151505341558,,
2026-10-07,2453,凌群,IGNORE,0,,,,,SAFE,,24.58,0.9143,53.6708,11.8,13.42,55.7527,53.615,51.4773,0,0,UNCERTAIN,PREPARE,,NONE,0.30507052805684687,,,,,-2.737226277372262,-0.005875221486524307,,
2026-10-07,2467,志聖,IGNORE,0,,,,,SAFE,,12.41,25.9879,567.6206,89.54,81.71,599.4426,547.1,494.7574,0,0,UNCERTAIN,PREPARE,,NONE,1.7436840734116326,,,,,8.174904942965778,0.040029245110583034,,
2026-10-07,2468,華經,IGNORE,0,,,,,SAFE,,38.95,2.2002,43.6159,23.97,43.76,51.7664,41.965,32.1636,0,0,UNCERTAIN,PREPARE,,NONE,0.4079964837628652,,,,,-10.09667024704618,-0.002740378887167938,,
2026-10-07,2471,資通,IGNORE,0,,,,,SAFE,,23.26,1.0169,51.5376,24.81,26.66,53.5252,51.3,49.0748,0,0,UNCERTAIN,PREPARE,,NONE,0.13667925422629176,,,,,-3.759398496240607,-0.0019493177387913674,,
2026-10-07,3014,聯陽,IGNORE,0,,,,,HIGH_RISK,,42.35,3.5956,135.8416,91.89,89.8,150.3223,137.875,125.4277,0,0,UNCERTAIN,PREPARE,33652,MEDIUM,2.3306150798334424,,,,,6.810035842293916,0.08068902991840443,,
2026-10-07,3021,鴻名,IGNORE,0,,,,,NEUTRAL,,34.32,1.6725,26.2287,66.39,70.53,30.0579,26.225,22.3921,0,0,UNCERTAIN,PREPARE,,NONE,2.5856896927126027,,,,,6.47619047619048,0.06577693040991406,,
2026-10-07,3038,全台,IGNORE,0,,,,,SAFE,,32.17,0.2816,20.48,39.41,55.48,20.811,20.295,19.779,0,0,UNCERTAIN,PREPARE,,NONE,0.9657337214875861,,,,,1.2376237623762387,0.007637349100763524,,
2026-10-07,3041,揚智,IGNORE,0,4,6,10,,SAFE,,23.77,0.7464,23.5474,68.14,77.92,25.0579,23.35,21.6421,21,9,UNCERTAIN,LATE,7703,LIGHT,0.9157916069138969,,,,,1.0526315789473717,0.027837259100642386,,
2026-10-07,3131,弘塑,IGNORE,0,13,2,,,SAFE,,13.83,143.939,2547.7819,70.98,65.98,2613.258,2433.25,2253.242,6,2,UNCERTAIN,PREPARE,,NONE,0.9998857935811081,,,,,2.2964509394572064,0.006883797390321522,,
2026-10-07,3163,波若威,IGNORE,0,,,,,SAFE,,13.24,36.8421,762.4234,73.76,64.41,759.6846,685.9,612.1154,0,0,UNCERTAIN,PREPARE,,NONE,1.6288502023167086,,,,,7.668711656441718,0.023472809447441456,,
2026-10-07,3219,倚強股份,IGNORE,0,,,,,HIGH_RISK,,37.4,9.3249,93.0817,86.78,87.64,142.5173,103.37,64.2227,0,0,UNCERTAIN,PREPARE,,NONE,1.2747641798047706,,,,,59.118727050183594,0.25761826448679503,,
2026-10-07,3356,奇偶,IGNORE,0,,,,,SAFE,,30.28,1.7922,61.7996,86.19,75.49,70.0822,64.29,58.4978,0,0,UNCERTAIN,PREPARE,,NONE,0.5421568537766414,,,,,-1.4577259475218707,0.0514854565251206,,
2026-10-07,3416,融程電,IGNORE,0,,,,,SAFE,,15.13,4.5421,172.2612,91.47,80.25,168.8387,162.875,156.9113,0,0,UNCERTAIN,PREPARE,,NONE,0.5439219673264001,,,,,3.3639143730886945,0.03760552570990017,,
2026-10-07,3479,安勤,IGNORE,0,4,11,7,,SAFE,,22.4,3.9214,139.3924,82.52,83.08,139.6857,131.35,123.0143,35,13,UNCERTAIN,LATE,,NONE,0.6789215716938635,,,,,3.4615384615384714,0.023981728207080444,,
2026-10-07,3483,力致,IGNORE,0,6,2,4,,SAFE,,24.9,2.6791,77.0509,79.49,81.78,82.4791,77.64,72.8009,9,5,UNCERTAIN,PREPARE,,NONE,0.8771084261894592,,,,,6.756756756756754,0.017516743946419444,,
2026-10-07,3515,華擎,IGNORE,0,,,,,SAFE,,13.86,5.1425,213.9604,94.76,85.77,225.6462,213.575,201.5038,0,0,UNCERTAIN,PREPARE,,NONE,0.5935138454114193,,,,,2.8169014084507005,0.025400913028210237,,
2026-10-07,3558,神準,IGNORE,0,11,0,5,,HIGH_RISK,,20.15,3.4866,130.7052,94.77,87.17,133.4088,123.975,114.5412,2,4,UNCERTAIN,LATE,,NONE,4.452459173131419,,,,,8.943089430894302,0.08086307723331321,,
2026-10-07,3576,聯合再生,IGNORE,0,,,,,SAFE,,25.84,0.8387,18.3164,56.7,68.59,19.7641,17.595,15.4259,0,0,UNCERTAIN,PREPARE,,NONE,0.4502415852772739,,,,,5.084745762711873,0.0571184995737426,,
2026-10-07,3652,精聯,IGNORE,0,,,,,SAFE,,12.19,1.0963,32.4402,63.5,67.56,35.7065,33.9475,32.1885,0,0,UNCERTAIN,PREPARE,,NONE,1.969850714026005,,,,,0.7163323782235054,0.03542234332425043,,
2026-10-07,3669,圓展,IGNORE,0,,,,,SAFE,,8.72,0.8499,38.3338,33.12,53.38,33.3229,32.615,31.9071,0,0,UNCERTAIN,PREPARE,,NONE,1.4042703509665222,,,,,-1.378254211332297,-0.012724206653380365,,
2026-10-07,4116,明基醫,IGNORE,0,,,,,SAFE,,15.45,0.3781,39.4118,59.34,54.66,40.2888,39.69,39.0912,0,0,UNCERTAIN,PREPARE,,NONE,0.8411073836518451,,,,,0.5056890012642201,0.0015117157974300355,,
2026-10-07,4551,智伸科,IGNORE,0,,,,,HIGH_RISK,,41.07,10.578,180.87,91.96,85.69,190.0227,166.925,143.8273,0,0,UNCERTAIN,PREPARE,,NONE,2.565915963816555,,,,,18.354430379746844,0.12026359143327836,,
2026-10-07,4555,氣立,IGNORE,0,3,,,,SAFE,,16.65,1.1867,45.8264,54.11,40.19,43.3648,42.2725,41.1802,0,0,UNCERTAIN,PREPARE,,NONE,1.283728592710328,,,,,-2.4249422632794393,-0.0005322609261340094,,
2026-10-07,4562,穎漢,IGNORE,0,7,10,0,,SAFE,,17.05,0.9222,31.7967,23.47,34.55,31.2711,30.055,28.8389,30,10,UNCERTAIN,PREPARE,,NONE,0.7819324444740294,,,,,-3.6682615629984094,0.004824488437864094,,
2026-10-07,4563,百德,IGNORE,0,,,,,HIGH_RISK,,48.46,1.8115,46.7076,91.71,95.12,55.9352,48.23,40.5248,0,0,UNCERTAIN,PREPARE,,NONE,0.6436770384104462,,,,,14.71861471861471,0.09890109890109877,,
2026-10-07,4583,台灣精銳,IGNORE,0,2,,,,NEUTRAL,,50.97,14.4329,475.4882,8.89,19.97,453.8115,429.375,404.9385,0,0,UNCERTAIN,PREPARE,,NONE,1.2000819878434936,,,,,-4.147465437788023,-0.03114992721979626,,
2026-10-07,4747,強生,IGNORE,0,3,,,,NEUTRAL,,16.0,1.4519,27.7449,20.15,12.51,25.6766,24.06,22.4434,0,0,UNCERTAIN,PREPARE,,NONE,0.35976808929073123,,,,,-3.5416666666666763,-0.037822111388196133,,
2026-10-07,4952,凌通,IGNORE,0,7,9,4,,SAFE,,11.52,1.3385,50.9578,59.54,76.63,50.9367,48.6,46.2633,27,9,UNCERTAIN,PREPARE,7719,LIGHT,0.9673401586639733,,,,,1.5432098765432167,0.015432098765432167,,
2026-10-07,4953,緯軟,IGNORE,0,3,,,,SAFE,,25.79,1.9794,121.4973,41.07,24.06,122.0698,118.65,115.2302,0,0,UNCERTAIN,PREPARE,,NONE,0.5606376259688786,,,,,-0.8403361344537785,-0.0054782975136957734,,
2026-10-07,4971,IET-KY,IGNORE,0,,,,,SAFE,,13.55,42.8581,570.8721,85.77,69.75,648.0056,576.45,504.8944,0,0,UNCERTAIN,PREPARE,,NONE,1.7371843723951101,,,,,8.828828828828827,0.04779252320235927,,
2026-10-07,4991,環宇-KY,IGNORE,0,,,,,HIGH_RISK,,14.8,38.0554,504.9244,77.53,71.75,549.4709,479.325,409.1791,0,0,UNCERTAIN,PREPARE,,NONE,1.9656446320556795,,,,,20.185614849187928,0.08068638189120114,,
2026-10-07,5210,寶碩,IGNORE,0,,,,,SAFE,,38.8,0.7542,29.4005,52.38,71.15,30.7225,29.285,27.8475,0,0,UNCERTAIN,PREPARE,,NONE,0.5826788493756164,,,,,2.753872633390708,0.01929315349154881,,
2026-10-07,5234,達興材料,IGNORE,0,6,3,7,,HIGH_RISK,,32.23,12.7638,319.519,81.92,72.54,329.6956,299.975,270.2544,13,7,UNCERTAIN,LATE,,NONE,3.8270419046663835,,,,,15.042735042735034,0.12176014667888979,,
2026-10-07,5274,信驊,IGNORE,0,,,,,NEUTRAL,,29.3,1076.5264,16589.8038,23.43,41.9,20776.3228,18909.25,17042.1772,0,0,UNCERTAIN,PREPARE,22190,MEDIUM,1.724639352344506,,,,,-2.8727770177838563,-0.0613059745891561,,
2026-10-07,5434,崇越,IGNORE,0,,,,,HIGH_RISK,,28.67,19.4179,542.608,92.09,92.94,612.5626,552.4,492.2374,0,0,UNCERTAIN,PREPARE,,NONE,1.2294759325008988,,,,,12.662942271880828,0.09522085445329487,,
2026-10-07,5468,凱鈺,IGNORE,0,,,,,SAFE,,11.44,0.7645,25.843,25.36,35.53,26.8757,25.0175,23.1593,0,0,UNCERTAIN,PREPARE,,NONE,0.3983938114440683,,,,,-1.0162601626016232,-0.026681323073848295,,
2026-10-07,6122,擎邦,IGNORE,0,,,,,HIGH_RISK,,41.86,2.3647,55.4904,72.69,83.7,63.8976,54.39,44.8824,0,0,UNCERTAIN,PREPARE,,NONE,1.170933712112538,,,,,16.76413255360625,0.10130538701967273,,
2026-10-07,6134,萬旭,IGNORE,0,,,,,SAFE,,18.87,0.9329,28.7337,26.12,42.61,29.5873,28.75,27.9127,0,0,UNCERTAIN,PREPARE,,NONE,1.2848879309249668,,,,,-1.2195121951219412,-0.013913043478260834,,
2026-10-07,6148,驊宏資,IGNORE,0,,,,,NEUTRAL,,40.87,1.9292,37.599,37.35,51.31,43.708,34.93,26.152,0,0,UNCERTAIN,PREPARE,,NONE,0.35262584371820827,,,,,2.34482758620691,0.06212424849699394,,
2026-10-07,6224,聚鼎,IGNORE,0,,,,,NEUTRAL,,35.02,4.3501,78.4189,22.46,18.91,91.0538,83.84,76.6262,0,0,UNCERTAIN,PREPARE,,NONE,0.7287685718473859,,,,,-10.089686098654704,-0.04341603053435117,,
2026-10-07,6230,尼得科超眾,IGNORE,0,,,,,SAFE,,18.75,3.5914,113.4695,83.42,69.29,116.5955,111.3,106.0045,0,0,UNCERTAIN,PREPARE,,NONE,1.3434862609082399,,,,,3.125,0.037735849056603765,,
2026-10-07,6235,華孚,IGNORE,0,1,0,0,,NEUTRAL,,25.26,0.9747,40.0452,20.1,38.85,39.8642,38.365,36.8658,0,0,UNCERTAIN,PREPARE,,NONE,1.8607820918579232,,,,,-4.922279792746109,-0.04339893131760697,,
2026-10-07,6409,旭隼,IGNORE,0,,,,,SAFE,,20.71,32.338,983.7241,41.54,42.95,933.4257,890.2,846.9743,0,0,UNCERTAIN,PREPARE,,NONE,0.8557326095521604,,,,,-0.6711409395973145,-0.002471354751741206,,
2026-10-07,6416,瑞祺電通,IGNORE,0,,,,,SAFE,,27.68,5.1103,108.5357,62.67,58.27,125.4879,116.4,107.3121,0,0,UNCERTAIN,PREPARE,6965,LIGHT,0.6656621705304919,,,,,-2.4793388429752095,0.013745704467353903,,
2026-10-07,6451,訊芯-KY,IGNORE,0,,,,,SAFE,,9.48,23.1611,436.9669,57.48,50.11,443.3734,421.8,400.2266,0,0,UNCERTAIN,PREPARE,71181,HEAVY,0.9057174578493871,,,,,-1.7281105990783363,0.011142721669037403,,
2026-10-07,6510,精測,IGNORE,0,,,,,NEUTRAL,,30.01,218.0108,3155.6092,10.98,19.89,3789.4532,3343.75,2898.0468,0,0,UNCERTAIN,PREPARE,,NONE,0.369018023335656,,,,,-5.625000000000002,-0.0968224299065421,,
2026-10-07,6515,穎崴,IGNORE,0,1,0,0,,NEUTRAL,,16.07,406.0979,6467.5963,41.94,40.86,7446.3005,6272.25,5098.1995,0,0,UNCERTAIN,PREPARE,,NONE,3.0474091861141117,,,,,-4.745470232959448,-0.11993303838335523,,
2026-10-07,6558,興能高,IGNORE,0,,,,,SAFE,,31.73,0.6648,25.9098,72.24,82.61,25.9354,24.3725,22.8096,0,0,UNCERTAIN,PREPARE,,NONE,0.6141947607561564,,,,,3.526970954356834,0.02369473792183796,,
2026-10-07,6657,華安,IGNORE,0,,,,,SAFE,,23.53,1.3185,33.3737,55.96,40.92,36.3955,33.77,31.1445,0,0,UNCERTAIN,PREPARE,,NONE,1.0259074557819226,,,,,1.3657056145675028,-0.010956470239858018,,
2026-10-07,6683,雍智科技,IGNORE,0,,,,,SAFE,,28.49,118.9448,1392.9218,19.69,34.82,1685.2,1474.75,1264.3,0,0,UNCERTAIN,PREPARE,,NONE,0.941630648744303,,,,,-8.253968253968258,-0.02017291066282423,,
2026-10-07,6689,伊雲谷,IGNORE,0,,,,,SAFE,,21.31,1.9978,67.5617,6.68,14.14,69.584,64.49,59.396,0,0,UNCERTAIN,PREPARE,,NONE,0.1850662543251879,,,,,-4.128440366972486,-0.027756241277717364,,
2026-10-07,6690,安碁資訊,IGNORE,0,4,8,0,,SAFE,,42.79,4.3935,180.5901,28.25,27.79,190.7799,174.775,158.7701,24,8,UNCERTAIN,PREPARE,,NONE,0.6062294313334052,,,,,0.0,0.018452295808897068,,
2026-10-07,6719,力智,IGNORE,0,8,8,3,,SAFE,,21.68,5.5439,215.5828,81.47,80.83,191.7332,184.675,177.6168,24,8,UNCERTAIN,PREPARE,6930,LIGHT,0.5572014010305308,,,,,3.5519125683060038,0.026126979829429908,,
2026-10-07,6752,叡揚,IGNORE,0,4,12,0,,SAFE,,26.64,1.8182,97.9358,51.22,41.54,98.1993,96.49,94.7807,36,12,UNCERTAIN,PREPARE,,NONE,0.25911025719957115,,,,,0.624349635796051,0.002176391335889871,,
2026-10-07,6782,視陽,IGNORE,0,,,,,SAFE,,19.75,8.0099,223.0727,23.04,28.49,248.1005,234.95,221.7995,0,0,UNCERTAIN,PREPARE,,NONE,0.6586202457432321,,,,,-6.25,-0.010427750585230822,,
2026-10-07,6830,汎銓,IGNORE,0,,,,,SAFE,,32.77,31.0741,516.5088,30.49,40.72,584.9351,546.1,507.2649,0,0,UNCERTAIN,PREPARE,,NONE,0.6434747943834846,,,,,-4.159132007233268,-0.029481779893792415,,
2026-10-07,6834,天二科技,IGNORE,0,,,,,HIGH_RISK,,43.31,8.4451,107.0431,76.03,80.18,131.2841,111.1,90.9159,0,0,UNCERTAIN,PREPARE,,NONE,2.3675686133590066,,,,,8.695652173913038,0.1251125112511251,,
2026-10-07,6862,三集瑞-KY,IGNORE,0,7,7,5,,HIGH_RISK,,21.1,5.4236,145.6822,66.57,60.72,147.2631,137.25,127.2369,22,8,UNCERTAIN,LATE,,NONE,3.780047099574414,,,,,3.125,0.08196721311475419,,
2026-10-07,6922,宸曜,IGNORE,0,,,,,SAFE,,13.45,8.5162,204.3416,46.83,67.25,225.0645,201.15,177.2355,0,0,UNCERTAIN,PREPARE,,NONE,0.8745553889455416,,,,,8.51063829787233,0.014168530947054503,,
2026-10-07,6944,兆聯實業,IGNORE,0,5,0,,,HIGH_RISK,,31.46,28.4584,805.8622,99.0,95.81,865.3838,745.35,625.3162,1,2,UNCERTAIN,PREPARE,,NONE,4.062472461367964,,,,,27.52808988764044,0.21821962836251418,,
2026-10-07,8044,網家,IGNORE,0,6,10,0,,SAFE,,13.32,0.5846,24.6483,47.78,54.19,24.4759,23.8,23.1241,30,10,UNCERTAIN,PREPARE,,NONE,0.8490863696336142,,,,,-0.4132231404958553,0.012605042016806678,,
2026-10-07,8050,廣積,IGNORE,0,4,3,11,,SAFE,,30.73,1.6049,59.2651,56.86,74.39,63.8456,58.72,53.5944,14,8,UNCERTAIN,LATE,,NONE,0.9423414921284515,,,,,2.8862478777589073,0.03201634877384185,,
2026-10-07,8114,振樺電,IGNORE,0,5,5,0,,SAFE,,12.56,4.9134,207.0349,80.42,77.09,180.8067,178.1,175.3933,15,5,UNCERTAIN,PREPARE,,NONE,0.9681318176505443,,,,,0.0,-0.003368893879842738,,
2026-10-07,8163,達方,IGNORE,0,10,6,0,,SAFE,,15.93,0.6749,31.7147,47.76,66.03,31.0148,30.0875,29.1602,18,6,UNCERTAIN,PREPARE,,NONE,1.8226022810267604,,,,,-1.6447368421052655,-0.0062318238471126275,,
2026-10-07,8249,菱光,IGNORE,0,,,,,SAFE,,35.49,1.03,41.7894,53.16,69.14,41.0634,39.09,37.1166,0,0,UNCERTAIN,PREPARE,,NONE,0.6287659015918201,,,,,0.8894536213468918,0.015605014070094736,,
2026-10-07,8374,羅昇,IGNORE,0,,,,,SAFE,,16.99,2.0389,80.7459,41.79,50.27,80.0969,77.235,74.3731,0,0,UNCERTAIN,PREPARE,,NONE,0.8042702132524877,,,,,-2.3255813953488524,-0.02116915906001171,,
