stock_id,date,foreign_shares,foreign_ratio
1101,2026-10-05,959131689,12.74
1102,2026-10-05,505564725,14.25
1216,2026-10-05,1927511478,33.92
1301,2026-10-05,2236538299,35.13
1303,2026-10-05,2411640091,30.4
1326,2026-10-05,2282018019,38.93
1402,2026-10-05,935229560,17.47
2207,2026-10-05,125184685,22.47
2301,2026-10-05,1002585460,43.28
2313,2026-10-05,236745303,19.18
2317,2026-10-05,5662448788,40.36
2327,2026-10-05,918289336,44.6
2330,2026-10-05,17946827299,69.2
2345,2026-10-05,319137161,56.87
2351,2026-10-05,49564543,27.21
2356,2026-10-05,638732831,17.8
2363,2026-10-05,32462739,6.3
2368,2026-10-05,114606866,22.16
2376,2026-10-05,165346427,24.68
2379,2026-10-05,238021193,46.17
2382,2026-10-05,949265523,23.1
2383,2026-10-05,156024759,43.54
2395,2026-10-05,314160948,36.18
2408,2026-10-05,526142380,16.97
2441,2026-10-05,63057071,11.08
2449,2026-10-05,368158806,28.67
2451,2026-10-05,51242541,11.87
2454,2026-10-05,901986974,56.2
2603,2026-10-05,556595827,25.7
2609,2026-10-05,907520097,25.98
2615,2026-10-05,1358620688,48.41
2912,2026-10-05,149193415,14.35
3013,2026-10-05,6379279,2.99
3014,2026-10-05,33652604,20.27
3017,2026-10-05,213177660,54.3
3033,2026-10-05,95792336,19.8
3034,2026-10-05,276255656,45.39
3035,2026-10-05,47980460,18.41
3036,2026-10-05,367817163,27.32
3037,2026-10-05,697383399,42.48
3041,2026-10-05,7703623,5.42
3189,2026-10-05,121368566,23.03
3231,2026-10-05,1223481065,35.66
3264,2026-10-05,186648938,38.07
3324,2026-10-05,36230437,38.92
3413,2026-10-05,27275444,24.62
3443,2026-10-05,36639247,27.34
3533,2026-10-05,48833200,43.39
3545,2026-10-05,34219309,15.38
3583,2026-10-05,17451796,21.72
3653,2026-10-05,37590258,25.53
3661,2026-10-05,43812482,50.82
3680,2026-10-05,31004132,32.28
3702,2026-10-05,584167953,34.72
4915,2026-10-05,117285142,24.85
4919,2026-10-05,3125094,0.69
4938,2026-10-05,828106974,30.94
4952,2026-10-05,7719388,7.09
4966,2026-10-05,31179914,39.48
4968,2026-10-05,3955194,4.28
5222,2026-10-05,3144924,3.14
5263,2026-10-05,10303276,13.05
5269,2026-10-05,7658463,10.32
5274,2026-10-05,22190437,53.36
5439,2026-10-05,22534814,24.23
5469,2026-10-05,37676114,7.74
6104,2026-10-05,19777478,21.7
6138,2026-10-05,10336877,13.66
6182,2026-10-05,124998425,21.05
6196,2026-10-05,45863571,20.81
6213,2026-10-05,77466139,21.3
6239,2026-10-05,234507047,30.89
6269,2026-10-05,44926546,13.87
6285,2026-10-05,114377791,23.65
6414,2026-10-05,64677590,44.33
6415,2026-10-05,315893620,81.21
6416,2026-10-05,6965203,9.49
6438,2026-10-05,7488429,9.1
6451,2026-10-05,71181857,63.51
6488,2026-10-05,173641120,36.31
6531,2026-10-05,54916271,33.72
6533,2026-10-05,8499809,16.78
6538,2026-10-05,6186672,15.88
6668,2026-10-05,10655706,9.94
6669,2026-10-05,145847701,26.03
6719,2026-10-05,6930059,6.56
6789,2026-10-05,14230822,4.47
8028,2026-10-05,23513273,13.1
8046,2026-10-05,85931822,13.29
8150,2026-10-05,325844493,46.25
8299,2026-10-05,98055322,44.35
