stock_id,name,industry
5450,寶聯通,電腦及週邊設備業
3629,地心引力,光電業
3687,歐買尬,文化創意業
5481,新華,電子零組件業
6238,勝麗,其他電子類
6497,亞獅康-KY,生技醫療業
5349,先豐,電子零組件業
8934,衡平,其他
5304,鼎創達,電腦及週邊設備業
6438,迅得,其他電子類
3450,聯鈞,其他電子業
1456,怡華,紡織纖維
3669,圓展,光電業
1443,立益,紡織纖維
8499,鼎炫-KY,其他
2429,銘旺科,電子零組件業
2614,東森,貿易百貨
2241,艾姆勒,電機機械
1453,大將,紡織纖維
6165,浪凡,電子工業
2459,敦吉,電子通路業
8354,冠好,塑膠工業
8489,三貝德,文化創意業
5604,中連貨,航運業
6506,雙邦,化學工業
3313,斐成,電子零組件業
3219,倚強股份,半導體業
6275,元山,其他電子類
3685,元創精密,光電業
5345,天揚,電子零組件業
4152,台微體,生技醫療業
2928,紅馬-KY,觀光事業
3144,新揚科,電子零組件業
4803,VHQ-KY,文化創意業
8406,金可-KY,生技醫療業
4429,聚紡,紡織纖維
2495,普安,其他電子業
2340,台亞,光電業
6431,光麗-KY,光電業
3512,皇龍,電子零組件業
8080,永利聯合,電子零組件業
5209,新鼎,資訊服務業
5321,美而快,電子零組件業
5102,富強,橡膠工業
5820,日盛金,金融業
3642,駿熠電,其他電子類
6247,淇譽電,其他電子類
6873,泓德能源-創,創新板股票
6869,雲豹能源-創,創新板股票
6594,展匯科,半導體業
2432,倚天,通信網路業
1258,其祥-KY,食品工業
2731,雄獅,觀光事業
5701,劍湖山,觀光事業
2729,瓦城,觀光事業
5902,德記,貿易百貨
6741,91APP*-KY,電子商務業
2727,王品,觀光事業
2748,雲品,觀光事業
8477,創業家,電子商務業
2726,雅茗-KY,觀光事業
2724,富驛-KY,觀光事業
5903,全家,貿易百貨
5706,鳳凰,觀光事業
2734,易飛網,觀光事業
2736,富野,觀光事業
5905,南仁湖,貿易百貨
2739,寒舍,觀光事業
2732,六角,觀光事業
2740,天蔥,觀光事業
5278,尚凡,電子商務業
8472,夠麻吉,電子商務業
2743,山富,觀光事業
5704,老爺知,觀光事業
5904,寶雅,貿易百貨
2745,五福,觀光事業
6728,上洋,貿易百貨
2947,振宇五金,貿易百貨
5703,亞都,觀光事業
1268,漢來美食,觀光事業
8044,網家,電子商務業
5287,數字,電子商務業
2718,晶悅,觀光事業
4804,大略-KY,觀光事業
2712,遠雄來,觀光事業
8066,來思達,貿易百貨
2707,晶華,觀光事業
6195,詩肯,貿易百貨
2924,宏太-KY,貿易百貨
2719,燦星旅,觀光事業
8077,洛碁,觀光事業
2706,第一店,觀光事業
2705,六福,觀光事業
2704,國賓,觀光事業
8433,弘帆,貿易百貨
2701,萬企,觀光事業
2702,華園,觀光事業
9960,邁達康,貿易百貨
2937,集雅社,貿易百貨
3252,海灣,觀光事業
8462,柏文,觀光事業
9943,好樂迪,觀光事業
2916,滿心,貿易百貨
3171,新洲,貿易百貨
8940,新天地,觀光事業
2722,夏都,觀光事業
8941,關中,貿易百貨
5301,寶得利,觀光事業
3085,新零售,電子商務業
2756,聯發國際,觀光事業
6763,綠界科技,電子商務業
2755,揚秦,觀光事業
2754,亞洲藏壽司,觀光事業
1259,安心,觀光事業
5364,力麗店,觀光事業
2753,八方雲集,觀光事業
2752,豆府,觀光事業
3522,御頂,觀光事業
2723,美食-KY,觀光事業
3054,立萬利,電子工業
8438,昶昕,其他
9955,佳龍,其他
6806,森崴能源,其他
8422,可寧衛,其他
8464,億豐,其他
6689,伊雲谷,其他電子業
6807,峰源-KY,其他
3708,上緯投控,化學生技醫療
8467,波力-KY,其他
2424,隴華,電腦及週邊設備業
8473,山林水,其他
8454,富邦媒,貿易百貨
9802,鈺齊-KY,其他
9935,慶豐富,其他
9914,美利達,其他
4536,拓凱,其他
9934,成霖,其他
6581,鋼聯,其他
9924,福興,其他
9930,中聯資源,其他
1439,雋揚,紡織纖維
2442,新美齊,電腦及週邊設備業
1736,喬山,化學生技醫療
5306,桂盟,其他
6768,志強-KY,其他
1472,三洋實業,紡織纖維
3557,嘉威,其他
1598,岱宇,化學生技醫療
9921,巨大,其他
6671,三能-KY,其他
9904,寶成,其他
2062,橋椿,其他
8482,商億-KY,其他
9910,豐泰,其他
9911,櫻花,其他
3130,一零四,資訊服務業
8341,日友,其他
6670,復盛應用,其他
6754,匯僑設計,其他
8478,東哥遊艇,其他
6641,基士德-KY,其他
1432,大魯閣,貿易百貨
8423,保綠-KY,其他
8171,天宇,通信網路業
6629,泰金-KY,其他
6690,安碁資訊,資訊服務業
1593,祺驊,生技醫療業
6803,崑鼎,其他
8440,綠電,其他
6811,宏碁資訊,資訊服務業
4154,樂威科-KY,生技醫療業
2640,大車隊,其他
6624,萬年清,其他
8420,明揚,其他
6123,上奇,電腦及週邊設備業
8476,台境,其他
8928,鉅明,其他
8924,大田,其他
8087,華鎂鑫,光電業
4702,中美實,化學工業
3551,世禾,其他電子類
4530,宏易,電機機械
3713,新晶投控,光電業
8390,金益鼎,其他
3073,天方能源,半導體業
5205,中茂,其他電子類
4609,唐鋒,電器電纜
6804,明係,其他
8933,愛地雅,其他
6616,特昇-KY,其他
8938,明安,其他
3178,公準,電機機械
3089,億杰,電子零組件業
5281,大峽谷-KY,光電業
4944,兆遠,光電業
6404,通訊-KY,資訊服務業
8418,捷必勝-KY,其他
4712,南璋,食品工業
4578,總格精密,電機機械
3627,華信科,光電業
6562,聯亞藥,生技醫療業
1563,巧新,電機機械
5383,金利,其他電子類
5432,新門,光電業
4419,元勝,紡織纖維
8091,翔名,電子零組件業
6865,偉康科技,資訊服務業
3465,進泰電子,電子零組件業
6198,瑞築,半導體業
6903,巨漢,其他電子業
6952,大武山,農業科技
6813,富動科,電腦及週邊設備業
7751,竑騰,電子工業
6999,瀚醫生技,化學生技醫療
6968,萬達寵物,居家生活
5233,有量,其他電子業
8041,東元精電,電機機械
6739,竹陞科技,其他電子業
6514,芮特-KY,通信網路業
6997,博弘,數位雲端
7703,銳澤,其他電子業
6757,台灣虎航-創,創新版股票
1311,福聚,塑膠工業
1523,開億,電機機械
4733,上緯,化學生技醫療
1601,台光,電器電纜
1230,聯成食,電器電纜
1606,歌林,電器電纜
1716,永信,化學生技醫療
3474,華亞科,半導體業
3534,雷凌,半導體業
6119,大傳,電子通路業
3573,穎台,電子工業
2258,鴻華先進-創,創新版股票
3599,旺能,光電業
3584,介面,光電業
1520,復盛,其他
2452,乾坤,電子工業
3150,鈺寶-創,創新版股票
8078,華寶,通信網路業
2254,巨鎧精密-創,創新版股票
3614,誠致,電子工業
3598,奕力,半導體業
2446,全懋,半導體業
6423,億而得-創,創新版股票
2447,鼎新,資訊服務業
6988,威力暘-創,創新版股票
6969,成信實業*-創,創新版股票
8008,建興電,電子工業
3638,F-IML,電子工業
2381,華宇,電子工業
5854,合庫,金融保險
6255,奈普,光電業
3214,元砷,電子工業
2384,勝華,光電業
2391,合勤,通信網路業
2396,精碟,光電業
6902,GOGOLOOK-創,創新版股票
6854,錼創科技-KY創,創新版股票
6286,立錡,電子工業
3271,其樂達,半導體業
2418,雅新,電子工業
2403,友尚,電子工業
2411,飛瑞,其他電子業
6280,崇貿,電子工業
3697,F-晨星,電子工業
2315,神達,電子工業
6951,青新-創,創新版股票
6949,沛爾生醫-創,創新版股票
2336,致伸,電子工業
1107,建台,其他
2341,英群,電子工業
2350,環電,其他電子業
6012,金鼎證,金融保險
6924,榮惠-KY創,創新版股票
3367,英華達,電子工業
6004,元京證,金融保險
2361,鴻友,電子工業
2473,思源,半導體業
3007,綠點,電子工業
3053,鼎營,其他電子業
3020,奇普仕,電子通路業
2526,大陸,建材營造
9157,陽光能源-DR,存託憑證
0081,恒香港,ETF
0080,恒中國,ETF
3061,璨圓,光電業
2827,中聯,金融保險
2831,中華銀,金融保險
3063,飛信,半導體業
9151,旺旺,存託憑證
6645,金萬林-創,創新版股票
9136,巨騰-DR,存託憑證
5280,F-敦泰,電子工業
2494,廣業科,電子工業
2847,大眾銀,金融保險
9915,億豐,其他
2837,萬泰銀,金融保險
6534,正瀚-創,創新版股票
2833,台壽保,金融保險
3009,奇美電,電子工業
9188,精熙-DR,存託憑證
9922,優美,其他
6702,興航,航運業
8487,愛爾達-創,創新版股票
2807,竹商銀,金融保險
9801,力霸,貿易百貨
2469,力信,電子零組件業
9110,越南控-DR,存託憑證
6794,向榮生技-創,創新版股票
0060,新台灣,ETF
2463,研揚,電腦及週邊設備業
3142,遠茂,電子工業
8162,微矽電子-創,創新版股票
9106,新焦點-DR,存託憑證
2479,和立,電子工業
3080,威力盟,光電業
9101,福雷電,存託憑證
9102,東亞科,存託憑證
8199,廣鎵,電子工業
9103,美德醫療-DR,存託憑證
6771,平和環保-創,創新版股票
9104,萬宇科,存託憑證
2854,寶來證,金融保險
9105,泰金寶-DR,存託憑證
6457,紘康,半導體業
7714,創泓科技,數位雲端
7715,裕山,綠能環保
7732,金興精密,電機機械
4749,新應材,光電業
6495,納諾*-KY,化學工業
7728,光焱科技,其他電子業
2248,華勝-KY,電機機械
7736,虎山,電機機械
3202,樺晟,電子零組件業
6936,永鴻生技,農業科技
6626,唯數,文化創意業
2437,旺詮,電子工業
7805,威聯通,電腦及週邊設備業
7555,美萌,生技醫療業
1585,鎧鉅,電子零組件業
6925,意藍,數位雲端
6240,松崗,其他
6829,千附精密,電機機械
3521,鴻翊,電腦及週邊設備業
6187,萬潤,其他電子類
6208,日揚,電子零組件業
5443,均豪,光電業
8383,千附,其他電子類
5314,世紀*,半導體業
5348,正能量智能,通信網路業
4950,金耘國際,其他
6287,元隆,半導體業
7747,昕奇雲端,數位雲端
5277,葳天,光電業
7547,碩網,數位雲端
4945,陞達科技,半導體業
7860,得生製藥,化學生技醫療
2750,桃禧,觀光餐旅
8497,格威傳媒,其他
6971,惠民實業,綠能環保
7738,東聯互動,數位雲端
7782,光速火箭,居家生活
6699,奇邑,半導體業
6747,亨泰光,生技醫療業
6910,德鴻,數位雲端
6288,聯嘉,汽車工業
1613,台一,電器電纜
6764,亞洲教育,其他
6725,矽科宏晟,其他電子業
6403,群登,通信網路業
3559,全智科,電子工業
3315,宣昶,電子工業
7893,睿信,電子工業
7792,安葆,其他電子業
7811,民盛,運動休閒
2823,中壽,金融保險
2809,京城銀,金融保險
2888,新光金,金融保險
2856,元富證,金融保險
2072,世紀風電,鋼鐵工業
3616,泓辰,電機機械
4132,國鼎,生技醫療業
4773,高福,化學工業
6652,雅祥生醫,生技醫療業
1729,必翔,化學生技醫療
7794,宏碁智新,居家生活
7821,神數,其他電子業
0059,富邦金融,ETF
4144,康聯-KY,化學生技醫療
6452,康友-KY,化學生技醫療
0054,元大台商50,ETF
0058,富邦發達,ETF
1724,台硝,化學生技醫療
1701,中化,化學生技醫療
7820,立盈,綠能環保
1704,榮化,化學生技醫療
4141,龍燈-KY,化學生技醫療
4725,信昌化,化學生技醫療
1715,萬洲,塑膠工業
6251,定穎,電子零組件業
6422,君耀-KY,電子零組件業
2456,奇力新,電子零組件業
2936,客思達-KY,貿易百貨
1469,理隆,紡織纖維
3485,敘豐,光電業
6145,勁永,電子通路業
6172,互億,電腦及週邊設備業
5264,鎧勝-KY,電腦及週邊設備業
7842,天能綠電,綠能環保
1592,英瑞-KY,汽車工業
6131,鈞泰,光電業
3579,尚志,半導體業
2841,台開,建材營造
3561,昇陽光電,光電業
3536,誠創,半導體業
3454,晶睿,光電業
2325,矽品,半導體業
3698,隆達,光電業
5259,奕智博,光電業
2499,東貝,光電業
5305,敦南,半導體業
2475,華映,光電業
6289,華上,光電業
2448,晶電,光電業
2311,日月光,半導體業
3514,昱晶,光電業
3383,新世紀,光電業
3519,綠能,半導體業
1589,永冠-KY,電機機械
4984,科納-KY,電子工業
1507,永大,電機機械
8480,泰昇-KY,其他
1262,綠悅-KY,其他
8427,基勝-KY,其他
1435,中福,其他
3682,亞太電,電子工業
2358,廷鑫,其他
2443,昶虹,其他
1902,台紙,造紙工業
6472,保瑞,生技醫療業
4938,和碩,電子工業
6473,美賣*,數位雲端
5263,智崴,文化創意業
6474,華豫寧,電子通路業
6477,安集,光電業
6482,弘煜科,文化創意業
5262,立達,半導體業
5267,龍翩,光電業
5371,中光電,光電業
6470,宇智,通信網路業
6469,大樹,生技醫療業
5269,祥碩,半導體業
5410,國眾,資訊服務業
5271,紘通,電子零組件業
6590,普鴻,資訊服務業
5403,中菲,資訊服務業
6467,泰合,生技醫療業
6465,威潤,通信網路業
5272,笙科,半導體業
5274,信驊,半導體業
5276,達輝-KY,其他
6464,台數科,其他
6483,原創生醫,生技醫療業
5258,虹堡,電腦及週邊設備業
6589,台康生技,生技醫療業
6505,台塑化,油電燃氣業
5243,乙盛-KY,光電業
6504,南六,其他
6499,益安,生技醫療業
6498,久禾光,光電業
5434,崇越,電子工業
5244,弘凱,光電業
6496,科懋,生技醫療業
6494,九齊,半導體業
5245,智晶,光電業
4933,友輝,光電業
6493,雷虎生,生技醫療業
5254,欣訊科技,電子零組件業
5251,天鉞電,光電業
5425,台半,半導體業
5426,振發,電腦及週邊設備業
6485,點序,半導體業
5248,景傳,光電業
6488,環球晶,半導體業
6491,晶碩,化學生技醫療
5246,勵威,半導體業
6492,生華科,生技醫療業
6486,互動,通信網路業
5283,禾聯碩,電器電纜
5285,界霖,半導體業
6462,神盾,半導體業
5312,寶島科,生技醫療業
6591,動力-KY,電腦及週邊設備業
5315,光聯,光電業
6435,大中,半導體業
6434,達輝光電,光電業
5324,士開,建材營造
6432,今展科,電子零組件業
5328,華容,電子零組件業
5340,建榮,電子零組件業
5344,立衛,半導體業
4934,太極,電子工業
5386,青雲,電腦及週邊設備業
5356,協益,電腦及週邊設備業
6426,統新,通信網路業
6428,台灣淘米,文化創意業
6441,廣錠,電腦及週邊設備業
5388,中磊,通信網路業
5355,佳總,電子零組件業
5353,台林,通信網路業
5351,鈺創,半導體業
5347,世界,半導體業
4935,茂林-KY,光電業
6425,易發,電機機械
6442,光聖,通信網路業
5240,建騰,光電業
5297,廣化,半導體業
5292,華懋,綠能環保
5291,邑昇,電子零組件業
5398,慕康生醫,其他
5299,杰力,半導體業
5289,宜鼎,電腦及週邊設備業
6456,GIS-KY,光電業
5381,光譜,電子零組件業
6461,益得,生技醫療業
5288,豐祥-KY,電機機械
5284,jpp-KY,其他
6451,訊芯-KY,電子工業
5302,太欣,半導體業
6443,元晶,光電業
6446,藥華藥,化學生技醫療
5310,天剛,資訊服務業
5309,系統電,電子零組件業
6449,鈺邦,電子工業
5392,能率,光電業
6579,研揚,電子工業
6516,勤崴國際,資訊服務業
6508,惠光,農業科技業
4974,亞泰,電子零組件業
4973,廣穎,半導體業
4972,湯石照明,光電業
6556,勝品,光電業
6558,興能高,其他電子業
4971,IET-KY,半導體業
6555,榮炭,電子零組件業
6582,申豐,橡膠工業
6560,欣普羅,光電業
4968,立積,電子工業
4942,嘉彰,光電業
6561,是方,通信網路業
6559,研晶,光電業
6583,友松,文化創意業
4976,佳凌,光電業
6543,普惠醫工,生技醫療業
4987,科誠,電腦及週邊設備業
6546,正基,通信網路業
6547,高端疫苗,生技醫療業
6548,長科*,半導體業
6549,景凱,生技醫療業
6550,北極星藥業-KY,化學生技醫療
6552,易華電,半導體業
4980,佐臻,電子零組件業
4979,華星光,通信網路業
4977,眾達-KY,電子工業
6584,南俊國際,電子零組件業
4967,十銓,電子工業
4989,榮科,電子工業
6563,映智,半導體業
4956,光鋐,電子工業
4953,緯軟,資訊服務業
6576,逸達,生技醫療業
6577,勁豐,電腦及週邊設備業
4943,康控-KY,電子零組件業
4958,臻鼎-KY,電子工業
4952,凌通,電子工業
6578,達邦蛋白,農業科技業
4951,精拓科,半導體業
4949,有成精密,電子工業
6580,台睿,生技醫療業
6574,霈方,生技醫療業
6564,安特羅,生技醫療業
4966,譜瑞-KY,半導體業
6565,物聯,數位雲端
4961,天鈺,電子工業
6568,宏觀,半導體業
6569,醫揚,生技醫療業
6570,維田,電腦及週邊設備業
6572,博錸,生技醫療業
6573,虹揚-KY,半導體業
4960,誠美材,電子工業
6542,隆中,文化創意業
6541,泰福-KY,生技醫療業
5222,全訊,電子工業
6525,捷敏-KY,半導體業
5220,萬達光電,光電業
5215,科嘉-KY,電腦及週邊設備業
5223,安力-KY,電腦及週邊設備業
5213,亞昕,建材營造
6526,達發,半導體業
5212,凌網,資訊服務業
5211,蒙恬,資訊服務業
5210,寶碩,資訊服務業
5225,東科-KY,其他電子業
6523,達爾膚,生技醫療業
6509,聚和,化學工業
6510,精測,半導體業
5236,凌陽創新,半導體業
5234,達興材料,電子工業
6512,啟發電,其他電子類
6588,東典光電,通信網路業
6515,穎崴,半導體業
4946,辣椒,文化創意業
6517,保勝光學,光電業
6518,康科特,生技醫療業
5230,雷笛克光學,光電業
5228,鈺鎧,電子零組件業
5227,立凱-KY,電子零組件業
6527,明達醫,生技醫療業
5206,坤悅,建材營造
6530,創威,通信網路業
5009,榮剛,鋼鐵工業
6535,順藥,生技醫療業
6586,醣基,生技醫療業
5007,三星,鋼鐵工業
4999,鑫禾,電子零組件業
6536,碩豐,資訊服務業
6538,倉和,電子零組件業
4995,晶達,光電業
6539,麗彤,生技醫療業
4994,傳奇,電子工業
6585,鼎基,其他
4991,環宇-KY,半導體業
5011,久陽,鋼鐵工業
6531,愛普*,半導體業
5203,訊連,電子工業
6532,瑞耘,半導體業
5202,力新,資訊服務業
6533,晶心科,半導體業
5201,凱衛,資訊服務業
5016,松和,鋼鐵工業
5015,華祺,鋼鐵工業
5014,建錩,鋼鐵工業
4939,亞電,電子零組件業
5013,強新,鋼鐵工業
5438,東友,電腦及週邊設備業
5474,聰泰,電腦及週邊設備業
6116,彩晶,光電業
6203,海韻電,電子零組件業
6115,鎰勝,電子零組件業
6204,艾華,電子零組件業
6205,詮欣,電子工業
6114,久威,電子零組件業
6113,亞矽,電子通路業
6112,邁達特,電子工業
6206,飛捷,電子工業
6207,雷科,電子零組件業
6111,光聚晶電,文化創意業
6202,盛群,電子工業
6109,亞元,通信網路業
6201,亞弘電,電子工業
6197,佳必琪,電子工業
6125,廣運,光電業
6124,業強,電子零組件業
6122,擎邦,電機機械
6199,天品,其他
6121,新普,電腦及週邊設備業
6120,達運,電子工業
6118,建達,電子通路業
6117,迎廣,電腦及週邊設備業
6196,帆宣,電子工業
6209,今國光,光電業
6219,富旺,建材營造
6027,德信,金融業
6026,福邦證,金融業
6024,群益期,金融保險
6220,岳豐,電子零組件業
6221,晉泰,資訊服務業
6222,立軒,光電業
6223,旺矽,半導體業
6023,元大期,金融業
6224,聚鼎,電子工業
6021,美好證,金融業
6225,天瀚,光電業
6020,大展證,金融業
6016,康和證,金融業
6218,豪勉,通信網路業
6108,競國,電子零組件業
6028,公勝保經,金融業
6216,居易,電子工業
6210,慶生,電子零組件業
6212,理銘,建材營造
6213,聯茂,電子工業
6104,創惟,半導體業
6214,精誠,資訊服務業
6215,和椿,其他電子業
6103,合邦,半導體業
6101,寬魚國際,文化創意業
6035,悠遊卡,金融業
6217,中探針,電子零組件業
6127,九豪,電子零組件業
6158,禾昌,電子零組件業
6156,松上,電子零組件業
6179,亞通,其他
6180,橘子,文化創意業
6155,鈞寶,電子零組件業
6182,合晶,半導體業
6183,關貿,資訊服務業
6184,大豐電,其他
6185,幃翔,電子零組件業
6154,順發,電子通路業
6186,新潤,建材營造
6153,嘉聯益,電子零組件業
6177,達麗,建材營造
6152,百一,電子工業
6176,瑞儀,電子工業
6160,欣技,電腦及週邊設備業
6166,凌華,電腦及週邊設備業
6164,華興,電子工業
6167,久正,光電業
6168,宏齊,光電業
6169,昱泉,文化創意業
6170,統振,通信網路業
6163,華電網,通信網路業
6171,大城地產,建材營造
6161,捷波,電腦及週邊設備業
6173,信昌電,電子零組件業
6174,安碁,電子零組件業
6175,立敦,電子零組件業
6126,信音,電子零組件業
6150,撼訊,電腦及週邊設備業
6130,上亞科技,生技醫療業
6129,普誠,半導體業
6188,廣明,電腦及週邊設備業
6189,豐藝,電子工業
6128,上福,電腦及週邊設備業
6190,萬泰科,通信網路業
6191,精成科,電子工業
6192,巨路,其他電子業
6194,育富,電子零組件業
6133,金橋,電子工業
6151,晉倫,其他電子類
6136,富爾特,通信網路業
6148,驊宏資,資訊服務業
6147,頎邦,半導體業
6146,耕興,其他電子類
6144,得利影,文化創意業
6143,振曜,通信網路業
6142,友勁,電子工業
6141,柏承,電子零組件業
6140,訊達,資訊服務業
6139,亞翔,電子工業
6138,茂達,半導體業
6592,和潤企業,其他
6134,萬旭,電子零組件業
6226,光鼎,光電業
6015,宏遠證,金融業
6283,淳安,電子工業
6284,佳邦,電子零組件業
6285,啟碁,通信網路業
5512,力麒,建材營造
5511,德昌,建材營造
5508,永信建,建材營造
5498,凱崴,電子零組件業
5493,三聯,其他電子類
5490,同亨,電腦及週邊設備業
5489,彩富,其他電子類
6290,良維,電子零組件業
5488,松普,電子零組件業
6291,沛亨,半導體業
6292,迅德,電子零組件業
6294,智基,文化創意業
5514,三豐,建材營造
6282,康舒,電子工業
6276,安鈦克,電腦及週邊設備業
6277,宏正,電子工業
5523,豐謙,建材營造
5522,遠雄,建材營造
5521,工信,建材營造
5520,力泰,建材營造
6278,台表科,光電業
5519,隆大,建材營造
6279,胡連,電子零組件業
5516,雙喜,建材營造
5515,建國,建材營造
6281,全國電,電子工業
5525,順天,建材營造
5487,通泰,半導體業
5484,慧友,光電業
6415,矽力*-KY,電子工業
6416,瑞祺電通,通信網路業
6417,韋僑,通信網路業
6418,詠昇,電子零組件業
5469,瀚宇博,電子工業
5468,凱鈺,半導體業
6419,京晨科,光電業
5465,富驊,電腦及週邊設備業
5464,霖宏,電子零組件業
5460,同協,電子零組件業
5457,宣德,電子零組件業
5455,昇益,建材營造
5452,佶優,其他電子類
6414,樺漢,電腦及週邊設備業
5471,松翰,半導體業
6405,悅城,光電業
5483,中美晶,半導體業
6407,相互,電子零組件業
5478,智冠,文化創意業
6409,旭隼,其他電子業
6411,晶焱,半導體業
6412,群電,電子工業
5475,德宏,電子零組件業
5529,鉅陞,建材營造
5530,龍巖,其他
6241,鑫永洋,通信網路業
6242,立康,生技醫療業
6243,迅杰,半導體業
6244,茂迪,光電業
5880,合庫金,金融保險
5878,台名,金融業
5876,上海商銀,金融保險
6245,立端,通信網路業
6246,臺龍,光電業
5871,中租-KY,其他
6239,力成,電子工業
6248,沛波,鋼鐵工業
6237,驊訊,半導體業
6227,茂綸,電子通路業
6228,全譜,電腦及週邊設備業
6005,群益證,金融保險
6229,研通,半導體業
6230,尼得科超眾,電子工業
6231,系微,資訊服務業
6233,旺玖,半導體業
6234,高僑,光電業
5907,大洋-KY,貿易百貨
6235,華孚,電子工業
5906,台南-KY,貿易百貨
6236,中湛,其他
5864,致和證,金融業
5863,瑞興銀,金融業
5859,遠壽,金融業
6270,倍微,電子通路業
6271,同欣電,半導體業
5548,安倉,建材營造
5547,久舜,建材營造
5546,永固-KY,建材營造
6272,驊陞,電子工業
5543,桓鼎-KY,建材營造
6274,台燿,電子零組件業
5538,東明-KY,鋼鐵工業
5536,聖暉*,其他電子類
5534,長虹,建材營造
5533,皇鼎,建材營造
5531,鄉林,建材營造
5601,台聯櫃,航運業
6269,台郡,電子零組件業
5603,陸海,航運業
5609,中菲行,航運業
5608,四維航,航運業
6257,矽格,半導體業
5439,高技,電子零組件業
6261,久元,半導體業
6263,普萊德,通信網路業
6264,富裔,建材營造
6265,方土昶,電子通路業
6266,泰詠,電子零組件業
5607,遠雄港,航運業
6259,百徽,電子零組件業
6831,邁科,電腦及週邊設備業
7881,科明,生技醫療業
7882,倍利創投,其他
7883,饗賓,觀光餐旅
7885,宏羚,其他電子業
7886,科建,半導體業
7887,宇川精材,半導體業
7888,麗寶新藥,生技醫療業
7889,騰勢,食品工業
7890,明曜科技,綠能環保
7891,博研醫藥,生技醫療業
7880,聖凰,半導體業
7892,元鈦科,電腦及週邊設備業
7895,元進莊,農業科技
7896,喬越,電子零組件業
7897,禾迅綠電,綠能環保
7899,景美,半導體業
7901,大大寬頻,通信網路業
7902,宇越生醫*,生技醫療業
7904,任開數位,數位雲端
7907,錸恩帕斯,其他
7909,鈺祥,半導體業
7911,阿波羅電力,綠能環保
7912,新聿科,電子零組件業
7879,益材科技,電機機械
7877,海利普,綠能環保
7850,寶泰生醫,生技醫療業
7851,慧康生技*-KY,生技醫療業
7853,政美應用,半導體業
7854,佐茂,電腦及週邊設備業
7855,和運租車,其他
7856,漢測,半導體業
7857,合水先進,綠能環保
7858,芝普,化學工業
7861,貝爾威勒,電子零組件業
7878,藥祇,生技醫療業
7862,聚泰,紡織纖維
7865,金聯成,綠能環保
7866,丹立,半導體業
7867,特力屋,居家生活
7868,聖育,資訊服務業
7869,宏于電機,電機機械
7870,聯剛科技,其他電子業
7871,安立璽榮-KY,生技醫療業
7872,登豐,半導體業
7875,安圖斯,電腦及週邊設備業
7876,鼎晉生技,生技醫療業
7863,中科物流,航運業
7849,旭誼,其他電子業
7913,通寶半導體,半導體業
7918,創鉅材料,半導體業
8048,德勝,通信網路業
8049,晶采,光電業
8050,廣積,電腦及週邊設備業
8054,安國,半導體業
8058,耐特,其他電子業
8059,凱碩,通信網路業
8064,東捷,光電業
8067,志旭,電子通路業
8068,全達,電子通路業
8047,星雲,其他電子類
8069,元太,光電業
8070,長華*,電子通路業
8071,能率網通,電子零組件業
8072,陞泰,電子工業
8074,鉅橡,電子零組件業
8076,伍豐,電腦及週邊設備業
8081,致新,半導體業
7915,廌家,通信網路業
8046,南電,電子零組件業
8045,達運光電,電子工業
7919,禾蒼,光電業
8011,台通,通信網路業
8016,矽創,半導體業
8021,尖點,其他電子業
8024,佑華,半導體業
8027,鈦昇,電機機械
8028,昇陽半導體,半導體業
8033,雷虎,其他
8034,榮群,通信網路業
8038,長園科,電子零組件業
8039,台虹,電子工業
8040,九暘,半導體業
8042,金山電,電子零組件業
8043,蜜望實,電子零組件業
8032,光菱,電子通路業
7848,騏億鑫,其他電子業
7847,豊漁,觀光餐旅
7846,德揚,綠能環保
7761,三大未來,綠能環保
7762,吉晟生,生技醫療業
7763,崇舜,化學工業
7764,聖州,其他
7765,中華資安,數位雲端
7767,仁大資訊,資訊服務業
7768,頌勝科技,半導體業
7769,鴻勁,半導體業
7760,享溫馨,觀光餐旅
7770,君曜,半導體業
7772,耀穎,半導體業
7773,富禾生醫,生技醫療業
7776,奧孟亞,生技醫療業
7777,能率亞洲,其他
7779,鍇睿國際,運動休閒
7780,大研生醫*,食品工業
7781,昕力資*,數位雲端
7783,佳運,綠能環保
7784,安邦生技*,生技醫療業
7771,綠基,光電業
7785,北祥科服,數位雲端
7759,視航生醫,生技醫療業
7757,金色三麥,觀光餐旅
7731,火星生技*,食品工業
7734,印能科技,半導體業
7737,凱鈿,數位雲端
7740,熙特爾-創,創新板股票
7742,天弘化,化學工業
7743,金利食安,食品工業
7758,睿騰能源,電子零組件業
7744,崴寶,電子零組件業
7748,鑫囍創業,其他
7749,意騰-KY,半導體業
7750,新代,電機機械
7752,世紀樺欣,綠能環保
7753,星亞,光電業
7754,安基生技,生技醫療業
7756,多那之,觀光餐旅
7745,紅陽,數位雲端
7786,東方風能,綠能環保
7788,松川精密,電子工業
7822,倍利科,半導體業
7823,奧義賽博-KY創,創新板股票
7824,智寶,其他
7825,和亞智慧,其他電子業
7826,極風雲創,數位雲端
7827,漢康-KY,生技醫療業
7828,創新服務,半導體業
7829,思捷優達-KY,生技醫療業
7832,智新生技*,生技醫療業
7833,綠岩能源,綠能環保
7834,來毅數位,資訊服務業
7836,智生活,其他
7837,啟新生,生技醫療業
7839,達人網,數位雲端
7840,祥圃,農業科技
7841,經貿聯網,資訊服務業
7843,英柏得,半導體業
7831,捷博,居家生活
7819,精誠金融,資訊服務業
7818,溢泰實業,其他
7816,來穎,電子零組件業
7789,開展,觀光餐旅
7790,思必瑞特,生技醫療業
7791,皇家可口,食品工業
7795,長廣,電子工業
7796,擷發科,半導體業
7797,Q Burger,觀光餐旅
7798,將捷,建材營造
7799,禾榮科,化學生技醫療
7801,華芸科技,資訊服務業
7803,雲象科技,生技醫療業
7806,精華生醫,食品工業
7808,訊聯智藥,生技醫療業
7810,捷創科技,半導體業
7812,稜研科技*,通信網路業
7813,宇辰系統,其他電子業
7814,海昌生技,生技醫療業
7815,新特,半導體業
8083,瑞穎,電機機械
8084,巨虹,電子通路業
8085,福華,其他電子類
8086,宏捷科,半導體業
8488,吉源-KY,其他
8905,裕國,其他
8906,花王,其他
8908,欣雄,油電燃氣業
8916,光隆,其他
8917,欣泰,油電燃氣業
8921,沈氏,其他
8923,時報,文化創意業
8926,台汽電,油電燃氣業
8927,北基,油電燃氣業
8929,富堡,其他
8930,青鋼,鋼鐵工業
8931,大汽電,油電燃氣業
8932,智通*,其他
8935,邦泰,其他
8936,國統,其他
8937,合騏*,其他
8481,政伸,其他
8436,大江,生技醫療業
8437,大地-KY,其他
8442,威宏-KY,其他
8443,阿瘦,貿易百貨
8444,綠河-KY,其他
8446,華研,文化創意業
8450,霹靂,文化創意業
8455,大拓-KY,其他電子類
8463,潤泰材,其他
8466,美吉吉-KY,其他
8458,影一,文化創意業
9933,中鼎,其他
9937,全國,油電燃氣業
9938,百和,其他
9939,宏全,其他
9940,信義,其他
9941,裕融,其他
9942,茂順,其他
9931,欣高,油電燃氣業
9945,潤泰新,其他
9946,三發地產,建材營造
9949,琉園,文化創意業
9950,萬國通,塑膠工業
9951,皇田,電機機械
9957,燁聯,鋼鐵工業
9958,世紀鋼,鋼鐵工業
9962,有益,鋼鐵工業
9944,新麗,其他
9929,秋雨,其他
9928,中視,其他
8942,森鉅,其他
8996,高力,電機機械
8999,台灣積層,其他
9902,台火,其他
9905,大華,其他
9906,欣巴巴,建材營造
9907,統一實,其他
9908,大台北,油電燃氣業
9912,偉聯,電子工業
9917,中保科,其他
9918,欣天然,油電燃氣業
9919,康那香,其他
9925,新保,其他
9926,新海,油電燃氣業
9927,泰銘,其他
8435,鉅邁,其他
7730,暉盛-創,電子工業
8431,匯鑽科,其他電子類
8114,振樺電,電子工業
8119,公信,電腦及週邊設備業
8121,越峰,電子零組件業
8131,福懋科,半導體業
8147,正淩,電子零組件業
8150,南茂,半導體業
8112,至上,電子通路業
8163,達方,電子工業
8176,智捷,通信網路業
8182,加高,電子零組件業
8183,精星,其他電子類
8201,無敵,其他電子業
8155,博智,電子零組件業
8110,華東,電子工業
8088,品安,半導體業
8089,康全電訊,通信網路業
8092,建暐,其他電子類
8093,保銳,電子零組件業
8096,擎亞,電子通路業
8097,常珵,通信網路業
8098,慶康科技,半導體業
8099,大世科,資訊服務業
8111,立碁,光電業
8101,華冠,通信網路業
8102,傑霖科技,半導體業
8103,瀚荃,電子工業
8104,錸寶,光電業
8105,凌巨,光電業
8107,大億金茂,電機機械
8109,博大,電子零組件業
8210,勤誠,電子工業
8213,志超,電子工業
8358,金居,電子零組件業
8359,錢櫃,觀光餐旅
8367,建新國際,航運業
8374,羅昇,電機機械
8401,白紗科,其他
8403,盛弘,生技醫療業
8349,恒耀,鋼鐵工業
8404,百和興業-KY,其他
8410,森田,電腦及週邊設備業
8411,福貞-KY,其他
8415,大國鋼,鋼鐵工業
8416,實威,資訊服務業
8421,旭源,其他
8424,惠普,建材營造
8426,紅木-KY,其他
8429,金麗-KY,貿易百貨
8409,商之器,生技醫療業
8345,超秦,農業科技
8342,益張,其他
8215,明基材,光電業
8222,寶一,電機機械
8227,巨有科技,半導體業
8234,新漢,電腦及週邊設備業
8240,華宏,光電業
8249,菱光,電子工業
8255,朋程,電機機械
8261,富鼎,半導體業
8271,宇瞻,半導體業
8272,全景軟體,資訊服務業
8277,商丞,半導體業
8279,生展,生技醫療業
8284,三竹,資訊服務業
8289,泰藝,電子零組件業
8291,尚茂,電子零組件業
8298,威睿,資訊服務業
8299,群聯,半導體業
8329,台視,文化創意業
8432,東生華,生技醫療業
7729,仲恩生醫,生技醫療業
6758,冠亞,生技醫療業
6761,穩得,電子零組件業
6762,達亞,生技醫療業
6767,台微醫,生技醫療業
6770,力積電,半導體業
6756,威鋒電子,電子工業
6776,展碁國際,電子工業
6780,學習王,文化創意業
6781,AES-KY,電子工業
6782,視陽,化學生技醫療
6784,天凱科技,通信網路業
6785,昱展新藥,生技醫療業
6786,芯測,半導體業
6775,穎台科技,光電業
6787,晶瑞光,光電業
6727,亞泰金屬,電子零組件業
6729,機光科技,光電業
6730,常廣,生技醫療業
6732,昇佳電子,半導體業
6733,博晟生醫,生技醫療業
6734,安盛生,生技醫療業
6735,美達科技,其他電子類
6737,秀育,電腦及週邊設備業
6738,鼎恒,資訊服務業
6755,連鋐科技,電子零組件業
6742,澤米,光電業
6743,安普新,其他電子業
6744,豐技生技,生技醫療業
6748,亞果生醫,生技醫療業
6750,泰創工程,其他電子業
6751,智聯服務,資訊服務業
6752,叡揚,資訊服務業
6753,龍德造船,航運業
6788,華景電,半導體業
6789,采鈺,半導體業
6818,連騰,通信網路業
6819,眾智,半導體業
6820,連訊,通信網路業
6821,聯寶,電子零組件業
6823,濾能,半導體業
6825,和暢科技,電腦及週邊設備業
6826,和淞,其他電子業
6827,巨生醫,生技醫療業
6830,汎銓,其他電子業
6817,溫士頓,生技醫療業
4931,新盛力,電腦及週邊設備業
6832,金鼎科,其他
6833,太康精密,電子零組件業
6834,天二科技,電子工業
6835,圓裕,電子工業
6838,台新藥,化學生技醫療
6839,開陽能源,綠能環保
6816,捷智商訊,資訊服務業
6815,晶鑽生醫,生技醫療業
6814,路迦生醫,生技醫療業
6790,永豐實,造紙工業
6791,虎門科技,資訊服務業
6792,詠業,通信網路業
6793,天力離岸,其他
6796,晉弘,化學生技醫療
6797,圓點奈米,生技醫療業
6798,展逸,運動休閒
6799,來頡,半導體業
6805,富世達,電子工業
6808,三鼎生技,生技醫療業
6810,新穎生醫,生技醫療業
6812,梭特,光電業
6840,東研信超,其他電子類
6723,傑智環境,綠能環保
6722,輝創,其他電子業
6634,欣耀,生技醫療業
6637,醫影,生技醫療業
6638,沅聖,電腦及週邊設備業
6639,源大環能,油電燃氣業
6640,均華,半導體業
6642,富致,電子零組件業
6643,M31,半導體業
6649,台生材,生技醫療業
6650,帝圖,文化創意業
6651,全宇昕,半導體業
6654,天正國際,其他電子類
6655,科定,其他
6657,華安,化學生技醫療
6658,聯策,其他電子業
6659,天明製藥,生技醫療業
6648,斯其大,其他電子業
6661,威健生技,生技醫療業
6625,必應,其他
6622,百聿數碼,文化創意業
6593,台灣銘板,資訊服務業
6595,光禹國際,文化創意業
6596,寬宏藝術,文化創意業
6597,立誠,電子零組件業
6598,ABC-KY,化學生技醫療
6599,普達系統,電腦及週邊設備業
6603,富強鑫,電機機械
6604,儒億,電機機械
6605,帝寶,汽車工業
6606,建德工業,電機機械
6610,安成生技,生技醫療業
6612,奈米醫材,生技醫療業
6613,朋億*,其他電子類
6614,資拓宏宇,數位雲端
6615,慧智,生技醫療業
6617,共信-KY,生技醫療業
6618,永虹先進,化學工業
6620,漢達,生技醫療業
6621,華宇藥,生技醫療業
6609,瀧澤科,電機機械
6662,樂斯科,生技醫療業
6664,群翊,電子零組件業
6665,康聯生醫,生技醫療業
6695,芯鼎,半導體業
6696,仁新,生技醫療業
6697,東捷資訊,資訊服務業
6698,旭暉應材,其他電子業
6703,軒郁,生技醫療業
6704,國璽幹細胞,生技醫療業
6705,振躍精密,電機機械
6706,惠特,光電業
6693,廣閎科,半導體業
6708,天擎,半導體業
6709,昱厚生技,生技醫療業
6712,長聖,生技醫療業
6715,嘉基,電子工業
6716,應廣,半導體業
6719,力智,半導體業
6720,久昌,半導體業
6721,信實,其他
6707,富基電通,電子通路業
6692,進能服,綠能環保類
6691,洋基工程,電子工業
6666,羅麗芬-KY,化學生技醫療
6667,信紘科,其他電子類
6668,中揚光,光電業
6669,緯穎,電子工業
6672,騰輝電子-KY,電子工業
6673,和詮,光電業
6674,鋐寶科技,通信網路業
6676,祥翊,生技醫療業
6677,瑩碩生技,生技醫療業
6679,鈺太,半導體業
6680,鑫創電子,電腦及週邊設備業
6682,華旭先進,光電業
6683,雍智科技,半導體業
6684,安格,半導體業
6841,長佳智能,生技醫療業
6843,進典,電機機械
6972,博瑞達應材,化學工業
6973,永立榮,生技醫療業
6976,育世博-KY,生技醫療業
6977,聯純,綠能環保
6979,勝釩,光電業
6980,鐳洋科技,通信網路業
6982,大井泵浦,電機機械
6983,華洋精機,其他電子業
6984,ACpay,數位雲端
6986,和迅,生技醫療業
6987,寶晶能源*,綠能環保
6990,華鉬,綠能環保
6994,富威電力,綠能環保
6995,野獸國,其他
6996,力領科技,半導體業
7402,邑錡,光電業
7419,達勝,電子零組件業
7427,華上生醫,生技醫療業
7443,凡事康,其他
6946,三地能源,綠能環保
6947,台鎔科技,綠能環保
6953,家碩,半導體業
6955,邦睿生技-創,創新板股票
6957,裕慶-KY,其他
6958,日盛台駿,其他
6959,兆捷科技,化學工業
6961,旅天下,觀光餐旅
6962,奕力-KY,半導體業
6963,品元,食品工業
6965,中傑-KY,運動休閒
6967,汎瑋材料,電子零組件業
7455,樺緯物聯,電腦及週邊設備業
7507,環拓科技,綠能環保
7516,清淨海,其他
7706,宏碁創達,其他
7707,益芯科,半導體業
7708,全家餐飲,觀光餐旅
7709,榮田,電機機械
7710,東擎科技,電腦及週邊設備業
7711,永擎,電子工業
7712,博盛半導體,半導體業
7713,威力德生醫,生技醫療業
7705,三商餐飲,觀光餐旅
7717,萊德光電-KY,通信網路業
7718,友鋮,鋼鐵工業
7719,碳基,其他
7721,微程式,數位雲端
7722,LINEPAY,數位雲端
7723,築間,觀光餐旅
7724,諾亞克,生技醫療業
7725,列特博,生技醫療業
7726,暄達,生技醫療業
7716,昱臺國際,航運業
7704,明遠精密,半導體業
7702,前端風電,綠能環保
7530,鋒魁科技,半導體業
7551,知識科技,數位雲端
7556,意德士,半導體業
7558,群利科技,其他
7561,光晟生技,生技醫療業
7562,博來科技,電腦及週邊設備業
7566,亞果遊艇,觀光餐旅
7575,安美得,生技醫療業
7578,利百景,其他
7583,國際海洋,綠能環保
7584,樂意,文化創意業
7590,怡和國際,其他
7595,世基生醫,生技醫療業
7607,通用幹細胞*,生技醫療業
7610,聯友金屬-創,創新板股票
7631,聚賢研發-創,其他電子業
7642,昶瑞機電,電機機械
7669,碩正科技,半導體業
7689,大鵬科CLMX,通信網路業
6945,圓祥生技,生技醫療業
6842,瑞宇,半導體業
6944,兆聯實業,綠能環保
6939,啟弘生技,生技醫療業
6872,浩宇生醫,生技醫療業
6874,倍力,資訊服務業
6875,國邑*,生技醫療業
6876,朗齊生醫*,生技醫療業
6877,鏵友益,其他電子類
6878,歐付寶,金融業
6879,大江基因,生技醫療業
6881,潤德,其他
6882,甲尚,資訊服務業
6870,騰雲,數位雲端類
6883,微電能源,綠能環保
6885,全福生技,化學生技醫療
6886,遠東生技,食品工業
6887,寶綠特-KY,綠能環保
6890,來億-KY,運動休閒
6891,樂迦再生,生技醫療業
6892,台寶生醫,生技醫療業
6894,衛司特,綠能環保類
6895,宏碩系統,半導體業
6898,程曦資訊,資訊服務業
6884,海柏特,資訊服務業
6899,創為精密,光電業
6867,坦德科技,光電業
6844,諾貝兒,生技醫療業
6846,綠茵,食品工業
6847,普瑞博,生技醫療業
6848,拉法醫,生技醫療業
6849,奇鼎科技,其他電子業
6850,光鼎生技,生技醫療業
6855,數泓科,其他電子類
6868,采威國際,資訊服務業
6856,鑫傳,文化創意業
6858,愛比科技,電腦及週邊設備業
6859,伯特光,光電業
6861,睿生光電,化學生技醫療
6862,三集瑞-KY,電子工業
6863,永道-KY,通信網路業
6864,元樟生技,生技醫療業
6857,宏碁智醫,生技醫療業
6901,鑽石投資,其他
6926,聖安生醫,生技醫療業
6927,聯合聚晶,半導體業
6928,攸泰科技,電子工業
6929,佑全,生技醫療業
6931,青松健康,化學生技醫療
6923,中台,綠能環保
6933,AMAX-KY,電子工業
6934,心誠鎂,化學生技醫療
6935,王子製藥,食品工業
6937,天虹,半導體業
6938,藍新資訊,資訊服務業
6932,水星生醫*,生技醫療業
6922,宸曜,電腦及週邊設備業
6921,嘉雨思-創,電子工業
6904,伯鑫,其他
6906,現觀科,數位雲端
6907,雅特力-KY,半導體業
6908,宏碁遊戲-創,創新板股票
6909,創控,半導體業
6911,群運,其他
6912,益鈞環科*,綠能環保
6913,鴻呈,電子零組件業
6914,阜爾運通,其他
6915,美強光,電子零組件業
6916,華凌,光電業
6917,竟天,生技醫療業
6918,愛派司,化學生技醫療
6919,康霈*,化學生技醫療
6920,恆勁科技,半導體業
6940,格斯科技*,電子零組件業
4930,燦星網,電器電纜
4142,國光生,化學生技醫療
4927,泰鼎-KY,電子工業
1783,和康生,化學生技醫療
1784,訊聯,生技醫療業
1785,光洋科,其他電子類
1786,科妍,化學生技醫療
1788,杏昌,生技醫療業
1789,神隆,化學生技醫療
1795,美時,化學生技醫療
1781,合世,生技醫療業
1796,金穎生技,食品工業
1802,台玻,玻璃陶瓷
1805,寶徠,建材營造
1806,冠軍,玻璃陶瓷
1808,潤隆,建材營造
1809,中釉,玻璃陶瓷
1810,和成,玻璃陶瓷
1813,寶利徠,生技醫療業
1815,富喬,電子零組件業
1817,凱撒衛,玻璃陶瓷
1903,士紙,造紙工業
1904,正隆,造紙工業
1799,易威,生技醫療業
1780,立弘,生技醫療業
1777,生泰,生技醫療業
1776,展宇,化學生技醫療
1727,中華化,化學生技醫療
1730,花仙子,化學工業
1731,美吾華,化學生技醫療
1732,毛寶,化學工業
1733,五鼎,化學生技醫療
1734,杏輝,化學生技醫療
1735,日勝化,化學工業
1737,臺鹽,食品工業
1742,台蠟,化學工業
1752,南光,化學生技醫療
1760,寶齡富錦,化學生技醫療
1762,中化生,化學生技醫療
1773,勝一,化學工業
1905,華紙,造紙工業
1906,寶隆,造紙工業
1907,永豐餘,造紙工業
1909,榮成,造紙工業
2059,川湖,電子零組件業
2061,風青,電器電纜
2063,世鎧,鋼鐵工業
2064,晉椿,鋼鐵工業
2065,世豐,鋼鐵工業
2066,世德,電機機械
2067,嘉鋼,電機機械
2069,運錩,鋼鐵工業
2070,精湛,電機機械
2071,震南鐵,鋼鐵工業
2073,雄順,鋼鐵工業
2101,南港,橡膠工業
2102,泰豐,橡膠工業
2103,台橡,橡膠工業
2104,國際中橡,橡膠工業
2105,正新,橡膠工業
2106,建大,橡膠工業
2107,厚生,橡膠工業
2108,南帝,橡膠工業
2109,華豐,橡膠工業
2114,鑫永銓,橡膠工業
2115,六暉-KY,汽車工業
2201,裕隆,汽車工業
2049,上銀,電機機械
2035,唐榮,鋼鐵工業
2002,中鋼,鋼鐵工業
2006,東和鋼鐵,鋼鐵工業
2007,燁興,鋼鐵工業
2008,高興昌,鋼鐵工業
2009,第一銅,鋼鐵工業
2010,春源,鋼鐵工業
2012,春雨,鋼鐵工業
2013,中鋼構,鋼鐵工業
2014,中鴻,鋼鐵工業
2015,豐興,鋼鐵工業
2017,官田鋼,鋼鐵工業
2020,美亞,鋼鐵工業
2022,聚亨,鋼鐵工業
2023,燁輝,鋼鐵工業
2024,志聯,鋼鐵工業
2025,千興,鋼鐵工業
2027,大成鋼,鋼鐵工業
2028,威致,鋼鐵工業
2029,盛餘,鋼鐵工業
2030,彰源,鋼鐵工業
2031,新光鋼,鋼鐵工業
2032,新鋼,鋼鐵工業
2033,佳大,鋼鐵工業
2034,允強,鋼鐵工業
2038,海光,鋼鐵工業
2204,中華,汽車工業
1726,永記,化學生技醫療
1725,元禎,化學生技醫療
1525,江申,汽車工業
1526,日馳,電機機械
1527,鑽全,電機機械
1528,恩德,電機機械
1529,樂事綠能,電機機械
1530,亞崴,電機機械
1531,高林股,電機機械
1532,勤美,電機機械
1533,車王電,汽車工業
1535,中宇,電機機械
1536,和大,汽車工業
1524,耿鼎,汽車工業
1537,廣隆,電機機械
1539,巨庭,電機機械
1540,喬福,電機機械
1541,錩泰,電機機械
1558,伸興,電機機械
1560,中砂,電機機械
1565,精華,生技醫療業
1568,倉佑,汽車工業
1569,濱川,電腦及週邊設備業
1570,力肯,電機機械
1580,新麥,電機機械
1538,正峰,電機機械
1522,堤維西,汽車工業
1521,大億,汽車工業
1464,得力,紡織纖維
1465,偉全,紡織纖維
1466,聚隆,紡織纖維
1467,南緯,紡織纖維
1468,昶和,紡織纖維
1470,大統新創,紡織纖維
1471,首利,電子工業
1473,台南,紡織纖維
1474,弘裕,紡織纖維
1475,業旺,紡織纖維
1476,儒鴻,紡織纖維
1477,聚陽,紡織纖維
1480,東盟開發,鋼鐵工業
1503,士電,電機機械
1504,東元,電機機械
1506,正道,電機機械
1512,瑞利,汽車工業
1513,中興電,電機機械
1514,亞力,電機機械
1515,力山,電機機械
1516,川飛,其他
1517,利奇,電機機械
1519,華城,電機機械
1582,信錦,電子工業
1583,程泰,電機機械
1584,精剛,其他
1709,和益,化學工業
1710,東聯,化學工業
1711,永光,化學工業
1712,興農,化學工業
1713,國化,化學工業
1714,和桐,化學工業
1717,長興,化學工業
1718,中纖,化學工業
1720,生達,化學生技醫療
1721,三晃,化學工業
1722,台肥,化學工業
1723,中碳,化學工業
1708,東鹼,化學生技醫療
1707,葡萄王,化學生技醫療
1586,和勤,電機機械
1587,吉茂,汽車工業
1590,亞德客-KY,電機機械
1591,駿吉-KY,電機機械
1594,日高,電機機械
1595,川寶,電子零組件業
1597,直得,電機機械
1599,宏佳騰,電機機械
1603,華電,電器電纜
1604,聲寶,電器電纜
1605,華新,電器電纜
1608,華榮,電器電纜
1609,大亞,電器電纜
1611,中電,電器電纜
1612,宏泰,電器電纜
1614,三洋電,電器電纜
1615,大山,電器電纜
1616,億泰,電器電纜
1617,榮星,電器電纜
1618,合機,電器電纜
1623,大東電,電器電纜
1626,艾美特-KY,電器電纜
1702,南僑,食品工業
1463,強盛新,紡織纖維
2206,三陽工業,汽車工業
2208,台船,航運業
2395,研華,電子工業
2397,友通,電子工業
2399,映泰,電子工業
2401,凌陽,半導體業
2402,毅嘉,電子工業
2404,漢唐,其他電子業
2393,億光,電子工業
2405,輔信,電腦及週邊設備業
2406,國碩,光電業
2408,南亞科,半導體業
2409,友達,光電業
2412,中華電,通信網路業
2413,環科,電子工業
2392,正崴,電子零組件業
2373,震旦行,電子工業
2374,佳能,光電業
2375,凱美,電子工業
2376,技嘉,電子工業
2377,微星,電子工業
2379,瑞昱,半導體業
2380,虹光,電子工業
2382,廣達,電子工業
2383,台光電,電子工業
2385,群光,電子工業
2387,精元,電子工業
2388,威盛,半導體業
2390,云辰,其他電子業
2414,精技,電子工業
2415,錩新,電子工業
2433,互盛電,其他電子業
2434,統懋,半導體業
2436,偉詮電,半導體業
2438,翔耀,光電業
2439,美律,通信網路業
2440,太空梭,電子工業
2441,超豐,半導體業
2444,兆勁,通信網路業
2449,京元電子,半導體業
2450,神腦,通信網路業
2451,創見,半導體業
2453,凌群,資訊服務業
2431,聯昌,電子零組件業
2417,圓剛,電子工業
2419,仲琦,通信網路業
2420,新巨,電子工業
2421,建準,電子工業
2423,固緯,其他電子業
2425,承啟,電子工業
2426,鼎元,光電業
2427,三商電,資訊服務業
2428,興勤,電子工業
2430,燦坤,電子工業
2207,和泰車,汽車工業
2371,大同,電機機械
2369,菱生,半導體業
2303,聯電,半導體業
2305,全友,電子工業
2308,台達電,電子工業
2312,金寶,其他電子業
2313,華通,電子工業
2314,台揚,通信網路業
2302,麗正,電子工業
2316,楠梓電,電子零組件業
2317,鴻海,其他電子業
2321,東訊,通信網路業
2323,中環,光電業
2324,仁寶,電子工業
2327,國巨*,電子工業
2301,光寶科,電腦及週邊設備業
2211,長榮鋼,鋼鐵工業
2221,大甲,其他
2227,裕日車,汽車工業
2228,劍麟,汽車工業
2230,泰茂,電機機械
2231,為升,汽車工業
2233,宇隆,汽車工業
2235,謚源,電機機械
2236,百達-KY,汽車工業
2237,華德動能,電機機械
2239,英利-KY,汽車工業
2243,宏旭-KY,汽車工業
2245,詠勝昌*,電機機械
2247,汎德永業,汽車工業
2249,湧盛,電機機械
2250,IKKA-KY,汽車工業
2252,為昇科,其他電子業
2255,凱銳光電,其他電子業
2256,歐特明,其他電子業
2328,廣宇,電子工業
2329,華泰,半導體業
2353,宏碁,電腦及週邊設備業
2354,鴻準,其他電子業
2355,敬鵬,電子工業
2356,英業達,電子工業
2357,華碩,電子工業
2359,所羅門,其他電子業
2360,致茂,其他電子業
2362,藍天,電子工業
2363,矽統,半導體業
2364,倫飛,電子工業
2365,昆盈,電子工業
2367,燿華,電子工業
2368,金像電,電子工業
2352,佳世達,電腦及週邊設備業
2351,順德,電子工業
2330,台積電,半導體業
2331,精英,電子工業
2332,友訊,通信網路業
2337,旺宏,半導體業
2338,光罩,半導體業
2342,茂矽,半導體業
2344,華邦電,半導體業
2345,智邦,通信網路業
2347,聯強,電子工業
2348,海悅,其他
2349,錸德,光電業
1460,宏遠,紡織纖維
1459,聯發,紡織纖維
1457,宜進,紡織纖維
0050,元大台灣50,ETF
0051,元大中型100,ETF
0052,富邦科技,ETF
0053,元大電子,ETF
0055,元大MSCI金融,ETF
0056,元大高股息,ETF
0057,富邦摩台,ETF
0061,元大寶滬深,ETF
1218,泰山,食品工業
1219,福壽,食品工業
1220,台榮,食品工業
1225,福懋油,食品工業
1227,佳格,食品工業
1229,聯華,食品工業
1231,聯華食,食品工業
1232,大統益,食品工業
1233,天仁,食品工業
1234,黑松,食品工業
1235,興泰,食品工業
1217,愛之味,食品工業
1236,宏亞,食品工業
1256,鮮活果汁-KY,食品工業
1260,富味鄉,食品工業
1264,德麥,食品工業
1269,乾杯,觀光餐旅
1271,晨暉生技,生技醫療業
1293,利統,食品工業
1294,漢田生技,食品工業
1295,生合,食品工業
1301,台塑,塑膠工業
1240,茂生農經,農業科技業
1216,統一,食品工業
1215,卜蜂,食品工業
1213,大飲,食品工業
1101,台泥,水泥工業
1102,亞泥,水泥工業
1103,嘉泥,水泥工業
1104,環泥,水泥工業
1108,幸福,水泥工業
1109,信大,水泥工業
1110,東泥,水泥工業
1201,味全,食品工業
1203,味王,食品工業
1210,大成,食品工業
1303,南亞,塑膠工業
1304,台聚,塑膠工業
1305,華夏,塑膠工業
1307,三芳,塑膠工業
1417,嘉裕,紡織纖維
1418,東華,紡織纖維
1419,新紡,紡織纖維
1423,利華,紡織纖維
1434,福懋,紡織纖維
1436,華友聯,建材營造
1437,勤益控,其他
1438,三地開發,建材營造
1440,南紡,紡織纖維
1441,大東,紡織纖維
1442,名軒,建材營造
1444,力麗,紡織纖維
1445,大宇,紡織纖維
1446,宏和,紡織纖維
1447,力鵬,紡織纖維
1449,佳和,紡織纖維
1451,年興,紡織纖維
1452,宏益,紡織纖維
1454,台富,紡織纖維
1455,集盛,紡織纖維
1416,廣豐,其他
1414,東和,紡織纖維
1410,南染,紡織纖維
1308,亞聚,塑膠工業
1309,台達化,塑膠工業
1310,台苯,塑膠工業
1312,國喬,塑膠工業
1313,聯成,塑膠工業
1314,中石化,塑膠工業
1315,達新,塑膠工業
1316,上曜,建材營造
1319,東陽,汽車工業
1321,大洋,塑膠工業
1323,永裕,塑膠工業
1324,地球,塑膠工業
1325,恆大,塑膠工業
1326,台化,塑膠工業
1336,台翰,電子零組件業
1337,再生-KY,塑膠工業
1338,廣華-KY,汽車工業
1339,昭輝,汽車工業
1340,勝悅-KY,塑膠工業
1341,富林-KY,塑膠工業
1342,八貫,其他
1343,旭東環保,綠能環保
1402,遠東新,紡織纖維
1409,新纖,紡織纖維
1413,宏洲,紡織纖維
2454,聯發科,半導體業
2455,全新,電子工業
3622,洋華,光電業
3623,富晶通,光電業
3624,光頡,電子零組件業
3625,西勝,電腦及週邊設備業
3628,盈正,其他電子類
3630,新鉅科,光電業
3631,晟楠,電子零組件業
3632,研勤,通信網路業
3633,云光,光電業
3617,碩天,電子工業
3645,達邁,電子工業
3646,艾恩特,電子零組件業
3652,精聯,電子工業
3653,健策,電子工業
3659,百辰,光電業
3661,世芯-KY,半導體業
3663,鑫科,其他電子類
3664,安瑞-KY,通信網路業
3665,貿聯-KY,其他電子業
3615,安可,光電業
3611,鼎翰,電腦及週邊設備業
3580,友威科,其他電子類
3581,博磊,半導體業
3583,辛耘,半導體業
3585,聯致,電子零組件業
3587,閎康,其他電子類
3588,通嘉,半導體業
3591,艾笛森,光電業
3592,瑞鼎,半導體業
3593,力銘,電子工業
3594,磐儀,電腦及週邊設備業
3595,山太士,光電業
3596,智易,通信網路業
3597,映興,電子零組件業
3603,建祥國際,電子通路業
3605,宏致,電子工業
3607,谷崧,電子工業
3609,三一東林,電子零組件業
3666,光耀,光電業
3707,漢磊,半導體業
3709,鑫聯大投控,電腦及週邊設備業
3710,連展投控,電子零組件業
3711,日月光投控,半導體業
3712,永崴投控,電子工業
3714,富采,光電業
3715,定穎投控,電子工業
3716,中化控股,化學生技醫療
3717,聯嘉投控,汽車工業
4102,永日,生技醫療業
4104,佳醫,化學生技醫療
4105,東洋,生技醫療業
4106,雃博,化學生技醫療
4107,邦特,生技醫療業
4108,懷特,化學生技醫療
3706,神達,電腦及週邊設備業
3577,泓格,電腦及週邊設備業
3705,永信,化學生技醫療
3672,康聯訊,通信網路業
3673,TPK-KY,光電業
3675,德微,半導體業
3678,聯享,光電業
3679,新至陞,電子工業
3680,家登,半導體業
3684,榮昌,通信網路業
3686,達能,半導體業
3689,湧德,電子零組件業
3691,碩禾,光電業
3693,營邦,電腦及週邊設備業
3694,海華,通信網路業
3701,大眾控,電子工業
3702,大聯大,電子工業
3703,欣陸,建材營造
3704,合勤控,通信網路業
4109,加捷生醫,生技醫療業
3576,聯合再生,電子工業
3570,大塚,資訊服務業
3434,哲固,光電業
3437,榮創,光電業
3438,類比科,半導體業
3441,聯一光,光電業
3443,創意,半導體業
3444,利機,電子通路業
3447,展達,通信網路業
3432,台端,電子零組件業
3466,德晉,通信網路業
3467,台灣精材,半導體業
3473,智通聯網,通信網路業
3479,安勤,電腦及週邊設備業
3481,群創,光電業
3483,力致,電腦及週邊設備業
3484,崧騰,電子零組件業
3489,森寶,建材營造
3455,由田,光電業
3430,奇鈦科,化學工業
3426,台興,電機機械
3356,奇偶,光電業
3357,臺慶科,電子零組件業
3360,尚立,電子通路業
3362,先進光,光電業
3363,上詮,通信網路業
3372,典範,半導體業
3373,熱映,其他電子類
3374,精材,半導體業
3376,新日興,電子工業
3379,彬台,電機機械
3380,明泰,通信網路業
3388,崇越電,電子零組件業
3390,旭軟,電子零組件業
3402,漢科,其他電子類
3406,玉晶光,光電業
3413,京鼎,半導體業
3416,融程電,電子工業
3419,譁裕,通信網路業
3490,單井,光電業
3491,昇達科,通信網路業
3492,長盛,電子零組件業
3494,誠研,電子工業
3533,嘉澤,電子工業
3535,晶彩科,光電業
3537,堡達,電子零組件業
3540,曜越,電腦及週邊設備業
3541,西柏,其他電子類
3543,州巧,光電業
3545,敦泰,半導體業
3546,宇峻,文化創意業
3548,兆利,電子零組件業
3550,聯穎,電子工業
3552,同致,其他電子類
3555,博士旺,半導體業
3556,禾瑞亞,半導體業
3558,神準,通信網路業
3563,牧德,光電業
3564,其陽,通信網路業
3567,逸昌,半導體業
3532,台勝科,電子工業
3530,晶相光,電子工業
3498,陽程,其他電子類
3499,環天科,通信網路業
3501,維熹,電子工業
3504,揚明光,光電業
3508,位速,其他電子類
3511,矽瑪,電子零組件業
3515,華擎,電子工業
3516,亞帝歐,光電業
3518,柏騰,其他電子業
3520,華盈,電子零組件業
3523,迎輝,光電業
3526,凡甲,電子零組件業
3527,聚積,半導體業
3528,安馳,電子工業
3529,力旺,半導體業
3531,先益,光電業
3354,律勝,電子零組件業
4111,濟生,生技醫療業
4114,健喬,生技醫療業
4585,達明,其他電子業
4587,寶元數控,電機機械
4588,玖鼎電力,其他電子業
4589,碩陽電機,電機機械
4590,富田-創,創新板股票
4706,大恭,化學工業
4584,君帆,電機機械
4707,磐亞,化學工業
4714,永捷,化學工業
4716,大立,化學工業
4720,德淵,化學工業
4721,美琪瑪,化學工業
4722,國精化,化學工業
4724,宣捷幹細胞,生技醫療業
4726,永昕,生技醫療業
4728,雙美,生技醫療業
4729,熒茂,光電業
4711,永純,化學工業
4583,台灣精銳,電機機械
4582,聚恆,綠能環保
4581,光隆精密-KY,汽車工業
4552,力達-KY,電機機械
4553,盛復,電機機械
4554,橙的,其他電子類
4555,氣立,電機機械
4556,旭然,其他
4557,永新-KY,汽車工業
4558,寶緯,電機機械
4559,久裕興,運動休閒
4560,強信-KY,電機機械
4561,健椿,電機機械
4562,穎漢,電機機械
4563,百德,電機機械
4564,元翎,電機機械
4565,宏偉,電機機械
4566,時碩工業,電機機械
4568,科際精密,電機機械
4569,六方科-KY,汽車工業
4570,傑生,電機機械
4571,鈞興-KY,電機機械
4572,駐龍,電機機械
4573,高明鐵,電機機械
4575,銓寶,電機機械
4576,大銀微系統,電機機械
4577,達航科技,其他電子類
4580,捷流閥業,電機機械
4732,彥臣,生技醫療業
4735,豪展,生技醫療業
4736,泰博,化學生技醫療
4771,望隼,生技醫療業
4772,台特化,化學工業
4806,桂田文創,文化創意業
4807,日成-KY,貿易百貨
4903,聯光通,通信網路業
4904,遠傳,通信網路業
4905,台聯電,通信網路業
4906,正文,通信網路業
4907,富宇,建材營造
4908,前鼎,通信網路業
4909,新復興,通信網路業
4911,德英,生技醫療業
4912,聯德控股-KY,電子工業
4915,致伸,電子工業
4916,事欣科,電子工業
4919,新唐,半導體業
4923,力士,半導體業
4924,欣厚-KY,電腦及週邊設備業
4925,智微,半導體業
4551,智伸科,汽車工業
4770,上品,化學生技醫療
4768,晶呈科技,化學工業
4737,華廣,化學生技醫療
4738,大同精化,化學工業
4739,康普,化學工業
4741,泓瀚,化學工業
4743,合一,生技醫療業
4744,皇將,生技醫療業
4745,合富-KY,生技醫療業
4746,台耀,化學生技醫療
4747,強生,生技醫療業
4754,國碳科,化學工業
4755,三福化,化學工業
4760,勤凱,其他電子類
4763,材料*-KY,化學工業
4764,雙鍵,化學工業
4765,磐采,化學工業
4766,南寶,化學工業
4767,誠泰科技,化學工業
4113,聯上,建材營造
4550,長佳,電機機械
4546,長亨,電機機械
4157,太景*-KY,生技醫療業
4160,訊聯基因,生技醫療業
4161,聿新科,生技醫療業
4162,智擎,生技醫療業
4163,鐿鈦,生技醫療業
4164,承業醫,化學生技醫療
4166,友霖,生技醫療業
4167,松瑞藥,生技醫療業
4168,醣聯,生技醫療業
4169,泰宗,化學生技醫療
4155,訊映,生技醫療業
4171,瑞基,農業科技業
4172,因華,生技醫療業
4173,久裕,生技醫療業
4174,浩鼎,生技醫療業
4175,杏一,生技醫療業
4178,永笙-KY,化學生技醫療
4183,福永生技,生技醫療業
4186,尖端醫,生技醫療業
4188,安克,生技醫療業
4190,佐登-KY,化學生技醫療
4170,鑫品生醫,生技醫療業
4153,鈺緯,生技醫療業
4115,善德生技,生技醫療業
4116,明基醫,生技醫療業
4117,普生,生技醫療業
4119,旭富,化學生技醫療
4120,友華,生技醫療業
4121,優盛,生技醫療業
4123,晟德,生技醫療業
4126,太醫,生技醫療業
4127,天良,生技醫療業
4128,中天,生技醫療業
4129,聯合,生技醫療業
4130,健亞,生技醫療業
4131,浩泰,生技醫療業
4133,亞諾法,化學生技醫療
4137,麗豐-KY,化學生技醫療
4138,曜亞,生技醫療業
4139,馬光-KY,生技醫療業
4147,中裕,生技醫療業
4148,全宇生技-KY,化學生技醫療
4150,優你康,生技醫療業
4192,杏國,生技醫療業
4194,禾生技,生技醫療業
4195,基米-創,創新板股票
4502,健信,電機機械
4503,金雨,電機機械
4506,崇友,電機機械
4510,高鋒,電機機械
4513,福裕,電機機械
4523,永彰,電機機械
4526,東台,電機機械
4527,方土霖,電機機械
4528,江興鍛,電機機械
4529,淳紳,其他
4532,瑞智,電機機械
4533,協易機,電機機械
4534,慶騰,電機機械
4535,至興,電機機械
4537,旭東,光電業
4538,大詠城,電機機械
4540,全球傳動,電機機械
4541,晟田,其他
4542,科嶠,電子零組件業
4543,萬在,電機機械
4544,春日,電機機械
4545,銘鈺,電子工業
4442,竣邦-KY,紡織纖維
4549,桓達,電機機械
4441,振大環球,紡織纖維
4439,冠星-KY,紡織纖維
4197,暐世,生技醫療業
4198,欣大健康,生技醫療業
4205,中華食,食品工業
4207,環泰,食品工業
4303,信立,塑膠工業
4304,勝昱,塑膠工業
4305,世坤,塑膠工業
4306,炎洲,塑膠工業
4401,東隆興,紡織纖維
4402,郡都開發,紡織纖維
4406,新昕纖,紡織纖維
4413,飛寶企業,紡織纖維
4414,如興,紡織纖維
4416,三圓,建材營造
4417,金洲,紡織纖維
4420,光明,紡織纖維
4426,利勤,紡織纖維
4430,耀億,其他
4431,敏成健康,其他
4432,銘旺實,紡織纖維
4433,興采,紡織纖維
4438,廣越,紡織纖維
4440,宜新實業,紡織纖維
3349,寶德,電腦及週邊設備業
3339,泰谷,光電業
2751,王座,觀光餐旅
2758,路易莎咖啡,觀光餐旅
2760,巨宇翔,觀光餐旅
2741,老四川,觀光餐旅
2761,橘焱胡同,觀光餐旅
2801,彰銀,金融保險
2812,台中銀,金融保險
2816,旺旺保,金融保險
2820,華票,金融保險
2832,台產,金融保險
2834,臺企銀,金融保險
2836,高雄銀,金融保險
2838,聯邦銀,金融保險
2845,遠東銀,金融保險
2762,世界健身-KY,運動休閒
2641,正德,航運業
2642,宅配通,航運業
2643,捷迅,航運業
2644,中信造船,航運業
2645,長榮航太,航運業
2646,星宇航空,航運業
2733,維格餅家,觀光餐旅
2849,安泰銀,金融保險
2850,新產,金融保險
2851,中再保,金融保險
2852,第一保,金融保險
2901,欣欣,貿易百貨
2903,遠百,貿易百貨
2904,匯僑,其他
2905,三商,貿易百貨
2906,高林,貿易百貨
2908,特力,貿易百貨
2910,統領,貿易百貨
2911,麗嬰房,貿易百貨
2912,統一超,貿易百貨
2913,農林,貿易百貨
3346,麗清,汽車工業
2923,鼎固-KY,建材營造
2926,誠品生活,文化創意業
2929,淘帝-KY,貿易百貨
2938,床的世界,居家生活
2939,永邑-KY,貿易百貨
2940,歐都納,運動休閒
2941,米斯特,居家生活類
2942,京站,居家生活
2945,三商家購,貿易百貨
2897,王道銀行,金融保險
2892,第一金,金融保險
2855,統一證,金融保險
2867,三商壽,金融保險
2880,華南金,金融保險
2881,富邦金,金融保險
2882,國泰金,金融保險
2883,凱基金,金融保險
2884,玉山金,金融保險
2885,元大金,金融保險
2886,兆豐金,金融保險
2887,台新新光金,金融保險
2889,國票金,金融保險
2890,永豐金,金融保險
2891,中信金,金融保險
2948,寶陞,居家生活類
2637,慧洋-KY,航運業
2634,漢翔,航運業
2476,鉅祥,電子零組件業
2477,美隆電,其他電子業
2478,大毅,電子工業
2480,敦陽科,資訊服務業
2481,強茂,半導體業
2482,連宇,其他電子業
2483,百容,電子工業
2484,希華,電子工業
2485,兆赫,通信網路業
2486,一詮,光電業
2488,漢平,其他電子業
2489,瑞軒,光電業
2491,吉祥全,光電業
2474,可成,電子工業
2472,立隆電,電子零組件業
2457,飛宏,電子工業
2458,義隆,半導體業
2460,建通,電子工業
2461,光群雷,其他電子業
2462,良得電,電子工業
2464,盟立,其他電子業
2465,麗臺,電子工業
2466,冠西電,光電業
2467,志聖,電子工業
2468,華經,資訊服務業
2471,資通,資訊服務業
2492,華新科,電子工業
2493,揚博,電子工業
2543,皇昌,建材營造
2545,皇翔,建材營造
2546,根基,建材營造
2547,日勝生,建材營造
2548,華固,建材營造
2596,綠意,建材營造
2597,潤弘,建材營造
2601,益航,貿易百貨
2603,長榮,航運業
2605,新興,航運業
2606,裕民,航運業
2607,榮運,航運業
2608,嘉里大榮,航運業
2609,陽明,航運業
2610,華航,航運業
2611,志信,航運業
2612,中航,航運業
2613,中櫃,航運業
2615,萬海,航運業
2616,山隆,油電燃氣業
2617,台航,航運業
2618,長榮航,航運業
2630,亞航,航運業
2633,台灣高鐵,航運業
2542,興富發,建材營造
2636,台驊控股,航運業
2540,愛山林,建材營造
2538,基泰,建材營造
2496,卓越,其他
2497,怡利電,汽車工業
2498,宏達電,通信網路業
2501,國建,建材營造
2504,國產,建材營造
2505,國揚,建材營造
2506,太設,建材營造
2509,全坤建,建材營造
2511,太子,建材營造
2514,龍邦,其他
2515,中工,建材營造
2516,新建,建材營造
2520,冠德,建材營造
2524,京城,建材營造
2527,宏璟,建材營造
2528,皇普,建材營造
2530,華建,建材營造
2534,宏盛,建材營造
2535,達欣工,建材營造
2536,宏普,建材營造
2537,聯上發,建材營造
2539,櫻花建,建材營造
2949,欣新網,數位雲端類
2915,潤泰全,貿易百貨
3002,歐格,電腦及週邊設備業
3163,波若威,通信網路業
3164,景岳,化學生技醫療
3167,大量,電機機械
3168,眾福科,光電業
3169,亞信,半導體業
3176,基亞,生技醫療業
3184,微邦,生技醫療業
3162,精確,電機機械
3188,鑫龍騰,建材營造
3189,景碩,電子工業
3191,雲嘉南,電子零組件業
3205,佰研,生技醫療業
3206,志豐,電子零組件業
3207,耀勝,電子零組件業
3209,全科,電子工業
3211,順達,電腦及週邊設備業
3213,茂訊,電腦及週邊設備業
3217,優群,電子零組件業
3218,大學光,生技醫療業
3158,嘉實,資訊服務業
3152,璟德,通信網路業
3092,鴻碩,電子零組件業
3093,港建*,其他電子類
3094,聯傑,半導體業
3095,及成,通信網路業
3097,拍檔,電腦及週邊設備業
3105,穩懋,半導體業
3114,好德,電子零組件業
3115,富榮綱,電子零組件業
3117,年程,電子零組件業
3118,進階,生技醫療業
3122,笙泉,半導體業
3131,弘塑,其他電子類
3135,凌航,半導體業
3138,耀登,通信網路業
3141,晶宏,半導體業
3147,大綜,資訊服務業
3149,正達,光電業
3221,台嘉碩,通信網路業
3224,三顧,電子通路業
3226,龍鋒,電機機械
3296,勝德,電子工業
3297,杭特,光電業
3303,岱稜,其他電子類
3305,昇貿,其他電子業
3306,鼎天,通信網路業
3308,聯德,電子工業
3310,佳穎,電子零組件業
3311,閎暉,通信網路業
3312,弘憶股,電子工業
3317,尼克森,半導體業
3321,同泰,電子工業
3322,建舜電,電子零組件業
3323,加百裕,電腦及週邊設備業
3324,雙鴻,其他電子類
3325,旭品,電腦及週邊設備業
3332,幸康,電子零組件業
3338,泰碩,電子工業
3294,英濟,電子零組件業
3293,鈊象,文化創意業
3289,宜特,其他電子類
3227,原相,半導體業
3228,金麗科,半導體業
3229,晟鈦,電子工業
3230,錦明,光電業
3231,緯創,電子工業
3232,昱捷,電子通路業
3234,光環,通信網路業
3236,千如,電子零組件業
3257,虹冠電,半導體業
3259,鑫創,半導體業
3260,威剛,半導體業
3264,欣銓,半導體業
3265,台星科,半導體業
3266,昇陽,建材營造
3268,海德威,半導體業
3272,東碩,電腦及週邊設備業
3276,宇環,電子零組件業
3284,太普高,其他
3285,微端,其他電子類
3287,廣寰科,電腦及週邊設備業
3288,點晶,電子零組件業
3290,東浦,電子零組件業
3090,日電貿,電子零組件業
3128,昇銳,光電業
3088,艾訊,電腦及週邊設備業
3022,威強電,電子工業
3023,信邦,電子工業
3024,憶聲,光電業
3025,星通,通信網路業
3026,禾伸堂,電子工業
3021,鴻名,電子零組件業
3027,盛達,電子工業
3028,增你強,電子通路業
3029,零壹,資訊服務業
3030,德律,其他電子業
3031,佰鴻,光電業
3032,偉訓,電子工業
3033,威健,電子工業
3019,亞光,電子工業
3003,健和興,電子工業
3004,豐達科,鋼鐵工業
3005,神基,電子工業
3006,晶豪科,半導體業
3008,大立光,光電業
3010,華立,電子工業
3011,今皓,電子工業
3013,晟銘電,電子工業
3014,聯陽,半導體業
3015,全漢,電子工業
3016,嘉晶,半導體業
3017,奇鋐,電子工業
3018,隆銘綠能,其他電子業
3034,聯詠,半導體業
3035,智原,電子工業
3052,夆典,建材營造
3055,蔚華科,電子工業
3056,富華新,建材營造
3057,喬鼎,電子工業
3058,立德,電子工業
3059,華晶科,光電業
3060,銘異,電子工業
3062,建漢,通信網路業
3064,泰偉,文化創意業
3066,李洲,光電業
3067,全域,其他電子類
3071,協禧,電腦及週邊設備業
3078,僑威,電子零組件業
3081,聯亞,通信網路業
3083,網龍,文化創意業
3086,華義*,文化創意業
3051,力特,電子工業
3050,鈺德,光電業
3036,文曄,電子工業
3037,欣興,電子工業
3038,全台,光電業
3041,揚智,半導體業
3042,晶技,電子工業
3043,科風,其他電子業
3040,遠見,其他
3044,健鼎,電子零組件業
3049,精金,電子工業
3048,益登,電子通路業
3047,訊舟,電子工業
3046,建碁,電腦及週邊設備業
3045,台灣大,電子工業
